code,uid,individual,photo,species,species_code,confidence,determined_by,site,date,operator,quality,reviewed,n_landmarks,ruler_mm,mm_per_px,img_w,img_h,photo_hash,app_version,digitized
SAUDRUNESUDTOULOUSE_20260427_0001,SAUDRUNESUDTOULOUSE_20260427_0001,1,SAUDRUNESUDTOULOUSE_20260427_0001.jpeg,Gobio gobio,GOBGOB,,AT,SAUDRUNESUDTOULOUSE,20260427,AT,3,no,24,10,0.067543877,1534,741,aaa796604a996a822227050e6ece153d,1.34.0,2026-09-04
SAUDRUNESUDTOULOUSE_20260427_0002,SAUDRUNESUDTOULOUSE_20260427_0002,1,SAUDRUNESUDTOULOUSE_20260427_0002.jpeg,Gobio gobio,GOBGOB,,AT,SAUDRUNESUDTOULOUSE,20260427,AT,3,no,24,10,0.067235931,1642,973,0421b883ed13b03ac88820680925f5cb,1.34.0,2026-09-04
SAUDRUNESUDTOULOUSE_20260427_0003,SAUDRUNESUDTOULOUSE_20260427_0003,1,SAUDRUNESUDTOULOUSE_20260427_0003.jpeg,Gobio gobio,GOBGOB,,AT,SAUDRUNESUDTOULOUSE,20260427,AT,3,no,24,10,0.068883891,1339,958,cb874f9b47965d2f84ec97f74d7dd255,1.34.0,2026-09-04
SAUDRUNESUDTOULOUSE_20260427_0004,SAUDRUNESUDTOULOUSE_20260427_0004,1,SAUDRUNESUDTOULOUSE_20260427_0004.jpeg,Squalius cephalus,SQUCEP,moyenne,terrain,SAUDRUNESUDTOULOUSE,20260427,AT,3,no,24,10,0.067757589,3702,1756,9f7d10890d1c354921958027a5e4734e,1.34.0,2026-09-04
SAUDRUNESUDTOULOUSE_20260427_0005,SAUDRUNESUDTOULOUSE_20260427_0005,1,SAUDRUNESUDTOULOUSE_20260427_0005.jpeg,Gobio gobio,GOBGOB,,AT,SAUDRUNESUDTOULOUSE,20260427,AT,3,no,24,10,0.068358294,1150,639,88ff90f71c708aa0ec63e47b24deff2a,1.34.0,2026-09-04
SAUDRUNESUDTOULOUSE_20260427_0006,SAUDRUNESUDTOULOUSE_20260427_0006,1,SAUDRUNESUDTOULOUSE_20260427_0006.jpeg,Gobio gobio,GOBGOB,,AT,SAUDRUNESUDTOULOUSE,20260427,AT,3,no,24,10,0.068967728,1663,1426,8b9d9da3efae0f7db7d6b87727649f02,1.34.0,2026-09-04
SAUDRUNESUDTOULOUSE_20260427_0007,SAUDRUNESUDTOULOUSE_20260427_0007,1,SAUDRUNESUDTOULOUSE_20260427_0007.jpeg,Squalius cephalus,SQUCEP,elevee,terrain,SAUDRUNESUDTOULOUSE,20260427,AT,3,no,24,10,0.078103959,2723,1823,951d4e219dc5f5ed8ee289bd878a498f,1.34.0,2026-09-04
SAUDRUNESUDTOULOUSE_20260427_0008,SAUDRUNESUDTOULOUSE_20260427_0008,1,SAUDRUNESUDTOULOUSE_20260427_0008.jpeg,Squalius cephalus,SQUCEP,elevee,terrain,SAUDRUNESUDTOULOUSE,20260427,AT,3,no,24,10,0.068973551,2914,1812,61c451ea949a7278a5826c628a75622d,1.34.0,2026-09-04
SAUDRUNESUDTOULOUSE_20260427_0009,SAUDRUNESUDTOULOUSE_20260427_0009,1,SAUDRUNESUDTOULOUSE_20260427_0009.jpeg,Lepomis gibbosus,LEPGIB,elevee,terrain,SAUDRUNESUDTOULOUSE,20260427,AT,3,no,24,10,0.068077637,1287,1534,a8d89b345101776faf9d6d27c78581cb,1.34.0,2026-09-04
SAUDRUNESUDTOULOUSE_20260427_0010,SAUDRUNESUDTOULOUSE_20260427_0010,1,SAUDRUNESUDTOULOUSE_20260427_0010.jpeg,Gobio gobio,GOBGOB,,AT,SAUDRUNESUDTOULOUSE,20260427,AT,3,no,24,10,0.068163007,1735,1081,954b579b71805c234a127e75bb04cbe7,1.34.0,2026-09-04
SAUDRUNESUDTOULOUSE_20260427_0011,SAUDRUNESUDTOULOUSE_20260427_0011,1,SAUDRUNESUDTOULOUSE_20260427_0011.jpeg,Squalius cephalus,SQUCEP,elevee,terrain,SAUDRUNESUDTOULOUSE,20260427,AT,3,no,24,10,0.09133743,3640,1735,c142af02c48d2f492df04a96e7a3c667,1.34.0,2026-09-04
SAUDRUNESUDTOULOUSE_20260427_0012,SAUDRUNESUDTOULOUSE_20260427_0012,1,SAUDRUNESUDTOULOUSE_20260427_0012.jpeg,Gobio gobio,GOBGOB,,AT,SAUDRUNESUDTOULOUSE,20260427,AT,3,no,24,10,0.068082789,1318,1071,200930ea9ac55a466e83cb683394b124,1.34.0,2026-09-04
SAUDRUNESUDTOULOUSE_20260427_0013,SAUDRUNESUDTOULOUSE_20260427_0013,1,SAUDRUNESUDTOULOUSE_20260427_0013.jpeg,Gobio gobio,GOBGOB,,AT,SAUDRUNESUDTOULOUSE,20260427,AT,3,no,24,10,0.068049946,1694,1545,d427e2bc1e7d9a3418923bebc7c02e60,1.34.0,2026-09-04
SAUDRUNESUDTOULOUSE_20260427_0014,SAUDRUNESUDTOULOUSE_20260427_0014,1,SAUDRUNESUDTOULOUSE_20260427_0014.jpeg,Gobio gobio,GOBGOB,,AT,SAUDRUNESUDTOULOUSE,20260427,AT,3,no,24,10,0.070144598,1730,1663,ce89ffd25f41aaca0c5fbffd673f3fab,1.34.0,2026-09-04
SAUDRUNESUDTOULOUSE_20260427_0015,SAUDRUNESUDTOULOUSE_20260427_0015,1,SAUDRUNESUDTOULOUSE_20260427_0015.jpeg,Perca fluviatilis,PERFLU,elevee,terrain,SAUDRUNESUDTOULOUSE,20260427,AT,3,no,24,10,0.068103985,2306,1606,3ec0e5a410a9ad00dad7a60637658d65,1.34.0,2026-09-04
SAUDRUNESUDTOULOUSE_20260427_0016,SAUDRUNESUDTOULOUSE_20260427_0016,1,SAUDRUNESUDTOULOUSE_20260427_0016.jpeg,Gobio gobio,GOBGOB,,AT,SAUDRUNESUDTOULOUSE,20260427,AT,3,no,24,10,0.068559763,1565,1292,9f087d5dad2800f062d6685129b2d52c,1.34.0,2026-09-04
SAUDRUNESUDTOULOUSE_20260427_0017,SAUDRUNESUDTOULOUSE_20260427_0017,1,SAUDRUNESUDTOULOUSE_20260427_0017.jpeg,Squalius cephalus,SQUCEP,,AT,SAUDRUNESUDTOULOUSE,20260427,AT,3,no,24,10,0.078111028,3583,1905,ee601c01efd0475907f3de739b573ccd,1.34.0,2026-09-04
SAUDRUNESUDTOULOUSE_20260427_0018,SAUDRUNESUDTOULOUSE_20260427_0018,1,SAUDRUNESUDTOULOUSE_20260427_0018.jpeg,Leuciscus burdigalensis,LEUBUR,elevee,terrain,SAUDRUNESUDTOULOUSE,20260427,AT,3,no,24,10,0.079991254,2445,1483,ff685204799fdb9e67458f8a088c767b,1.34.0,2026-09-04
SAUDRUNESUDTOULOUSE_20260427_0019,SAUDRUNESUDTOULOUSE_20260427_0019,1,SAUDRUNESUDTOULOUSE_20260427_0019.jpeg,Gobio gobio,GOBGOB,,AT,SAUDRUNESUDTOULOUSE,20260427,AT,3,no,22,10,,1622,1092,57641fa7fea0c1d8cee590f09ae5f95e,1.34.0,2026-09-04
SAUDRUNESUDTOULOUSE_20260427_0020,SAUDRUNESUDTOULOUSE_20260427_0020,1,SAUDRUNESUDTOULOUSE_20260427_0020.jpeg,Perca fluviatilis,PERFLU,elevee,terrain,SAUDRUNESUDTOULOUSE,20260427,AT,3,no,24,10,0.0765172,1838,973,69494529c3cb5f6d7765476ecaa02fa9,1.34.0,2026-09-04
SAUDRUNESUDTOULOUSE_20260427_0021,SAUDRUNESUDTOULOUSE_20260427_0021,1,SAUDRUNESUDTOULOUSE_20260427_0021.jpeg,Squalius cephalus,SQUCEP,elevee,terrain,SAUDRUNESUDTOULOUSE,20260427,AT,3,no,24,10,0.07849864,2224,1158,82fe28fd9ee8a8da9714748ecef6beb9,1.34.0,2026-09-04
SAUDRUNESUDTOULOUSE_20260427_0022,SAUDRUNESUDTOULOUSE_20260427_0022,1,SAUDRUNESUDTOULOUSE_20260427_0022.jpeg,Gobio gobio,GOBGOB,,AT,SAUDRUNESUDTOULOUSE,20260427,AT,3,no,24,10,0.069599801,875,675,75782bcad64738e9752304de7c205602,1.34.0,2026-09-04
SAUDRUNESUDTOULOUSE_20260427_0023,SAUDRUNESUDTOULOUSE_20260427_0023,1,SAUDRUNESUDTOULOUSE_20260427_0023.jpeg,Gobio gobio,GOBGOB,,AT,SAUDRUNESUDTOULOUSE,20260427,AT,3,no,24,10,0.069379559,1678,1133,68fc6855ade366afa38e4224258cc628,1.34.0,2026-09-04
SAUDRUNESUDTOULOUSE_20260427_0024,SAUDRUNESUDTOULOUSE_20260427_0024,1,SAUDRUNESUDTOULOUSE_20260427_0024.jpeg,Gobio gobio,GOBGOB,,AT,SAUDRUNESUDTOULOUSE,20260427,AT,3,no,24,10,0.068892782,1843,1612,38cc452922eee5c7748e1a4420e35766,1.34.0,2026-09-04
SAUDRUNESUDTOULOUSE_20260427_0025,SAUDRUNESUDTOULOUSE_20260427_0025,1,SAUDRUNESUDTOULOUSE_20260427_0025.jpeg,Gobio gobio,GOBGOB,,AT,SAUDRUNESUDTOULOUSE,20260427,AT,3,no,24,10,0.068364613,1900,1442,6e088cbd7992a8aa5c7989856a6ef7e9,1.34.0,2026-09-04
SAUDRUNESUDTOULOUSE_20260427_0026,SAUDRUNESUDTOULOUSE_20260427_0026,1,SAUDRUNESUDTOULOUSE_20260427_0026.jpeg,Gobio gobio,GOBGOB,,AT,SAUDRUNESUDTOULOUSE,20260427,AT,3,no,24,10,0.067409341,2034,1462,cbe344961cfcbbe1660bc637b6f4592a,1.34.0,2026-09-04
SAUDRUNESUDTOULOUSE_20260427_0027,SAUDRUNESUDTOULOUSE_20260427_0027,1,SAUDRUNESUDTOULOUSE_20260427_0027.jpeg,Gobio gobio,GOBGOB,,AT,SAUDRUNESUDTOULOUSE,20260427,AT,3,no,24,10,0.069003882,2003,1220,25b705f7076df2aa75f8319fe4a73d50,1.34.0,2026-09-04
SAUDRUNESUDTOULOUSE_20260427_0028,SAUDRUNESUDTOULOUSE_20260427_0028,1,SAUDRUNESUDTOULOUSE_20260427_0028.jpeg,Gobio gobio,GOBGOB,,AT,SAUDRUNESUDTOULOUSE,20260427,AT,3,no,24,10,0.067722724,1683,973,20353d0120253a2e132165c9b1c4f4a5,1.34.0,2026-09-04
SAUDRUNESUDTOULOUSE_20260427_0029,SAUDRUNESUDTOULOUSE_20260427_0029,1,SAUDRUNESUDTOULOUSE_20260427_0029.jpeg,Lepomis gibbosus,LEPGIB,elevee,terrain,SAUDRUNESUDTOULOUSE,20260427,AT,3,no,24,10,0.06904597,911,803,f1f08bfd2e09c67508b06c03604150c4,1.34.0,2026-09-04
SAUDRUNESUDTOULOUSE_20260427_0030,SAUDRUNESUDTOULOUSE_20260427_0030,1,SAUDRUNESUDTOULOUSE_20260427_0030.jpeg,Squalius cephalus,SQUCEP,,AT,SAUDRUNESUDTOULOUSE,20260427,AT,3,no,24,10,0.066329564,2451,1426,7cc33b6ce25c6de2399ea88d08669732,1.34.0,2026-09-04
SAUDRUNESUDTOULOUSE_20260427_0031,SAUDRUNESUDTOULOUSE_20260427_0031,1,SAUDRUNESUDTOULOUSE_20260427_0031.jpeg,Gobio gobio,GOBGOB,,AT,SAUDRUNESUDTOULOUSE,20260427,AT,3,no,24,10,0.0698647,1611,963,862c277f1b89e5d1e6bc092242ec2355,1.34.0,2026-09-04
SAUDRUNESUDTOULOUSE_20260427_0032,SAUDRUNESUDTOULOUSE_20260427_0032,1,SAUDRUNESUDTOULOUSE_20260427_0032.jpeg,Squalius cephalus,SQUCEP,elevee,terrain,SAUDRUNESUDTOULOUSE,20260427,AT,3,no,24,10,0.120187078,3130,1406,96a62937eb3a5739c15a4680d4ff8fd0,1.34.0,2026-09-04
SAUDRUNESUDTOULOUSE_20260427_0033,SAUDRUNESUDTOULOUSE_20260427_0033,1,SAUDRUNESUDTOULOUSE_20260427_0033.jpeg,Gobio gobio,GOBGOB,,AT,SAUDRUNESUDTOULOUSE,20260427,AT,3,no,24,10,0.073833747,1853,1200,0aa170d6dbda677f0592fb95ebb57019,1.34.0,2026-09-04
SAUDRUNESUDTOULOUSE_20260427_0034,SAUDRUNESUDTOULOUSE_20260427_0034,1,SAUDRUNESUDTOULOUSE_20260427_0034.jpeg,Gobio gobio,GOBGOB,,AT,SAUDRUNESUDTOULOUSE,20260427,AT,3,,24,10,0.075707,6000,4000,ecbac35677ce0f5990ab5fd1bd1f4b0f,1.24.0,2026-07-29
SAUDRUNESUDTOULOUSE_20260427_0035,SAUDRUNESUDTOULOUSE_20260427_0035,1,SAUDRUNESUDTOULOUSE_20260427_0035.jpeg,Gobio gobio,GOBGOB,,AT,SAUDRUNESUDTOULOUSE,20260427,AT,3,,24,10,0.066069,6000,4000,49e081a07722a4718ff6d699fe5acaec,1.24.0,2026-07-29
SAUDRUNESUDTOULOUSE_20260427_0036,SAUDRUNESUDTOULOUSE_20260427_0036,1,SAUDRUNESUDTOULOUSE_20260427_0036.jpeg,Squalius cephalus,SQUCEP,elevee,terrain,SAUDRUNESUDTOULOUSE,20260427,AT,3,,24,10,0.069141,3357,1406,6b8ed709465ef0cde0fba485713d2ab9,1.24.0,2026-07-29
SAUDRUNESUDTOULOUSE_20260427_0037,SAUDRUNESUDTOULOUSE_20260427_0037,1,SAUDRUNESUDTOULOUSE_20260427_0037.jpeg,Squalius cephalus,SQUCEP,elevee,terrain,SAUDRUNESUDTOULOUSE,20260427,AT,3,,24,10,0.06799,3918,1437,f148062e39e79e6923a762436b7efe71,1.24.0,2026-07-29
SAUDRUNESUDTOULOUSE_20260427_0038,SAUDRUNESUDTOULOUSE_20260427_0038,1,SAUDRUNESUDTOULOUSE_20260427_0038.jpeg,Gobio gobio,GOBGOB,,AT,SAUDRUNESUDTOULOUSE,20260427,AT,3,,24,10,0.066728,6000,4000,eeb38b6b6fb2e9e141546070142c6080,1.24.0,2026-07-29
SAUDRUNESUDTOULOUSE_20260427_0039,SAUDRUNESUDTOULOUSE_20260427_0039,1,SAUDRUNESUDTOULOUSE_20260427_0039.jpeg,Squalius cephalus,SQUCEP,,AT,SAUDRUNESUDTOULOUSE,20260427,AT,3,,24,10,0.067652,2862,1308,e10b350584efe0e6f53e55797c4a9ab1,1.24.0,2026-07-29
SAUDRUNESUDTOULOUSE_20260427_0040,SAUDRUNESUDTOULOUSE_20260427_0040,1,SAUDRUNESUDTOULOUSE_20260427_0040.jpeg,Gobio gobio,GOBGOB,,AT,SAUDRUNESUDTOULOUSE,20260427,AT,3,,24,10,0.067816,6000,4000,92991a519542c074097a910fd563402d,1.24.0,2026-07-29
SAUDRUNESUDTOULOUSE_20260427_0041,SAUDRUNESUDTOULOUSE_20260427_0041,1,SAUDRUNESUDTOULOUSE_20260427_0041.jpeg,Gobio gobio,GOBGOB,,AT,SAUDRUNESUDTOULOUSE,20260427,AT,3,,24,10,0.064198,6000,4000,07be0eae68902f0d40c4de713b8413f3,1.24.0,2026-07-29
SAUDRUNESUDTOULOUSE_20260427_0042,SAUDRUNESUDTOULOUSE_20260427_0042,1,SAUDRUNESUDTOULOUSE_20260427_0042.jpeg,Gobio gobio,GOBGOB,,AT,SAUDRUNESUDTOULOUSE,20260427,AT,3,,24,10,0.065625,6000,4000,64dec2db7fd7704aa7be608487015a3d,1.24.0,2026-07-29
SAUDRUNESUDTOULOUSE_20260427_0043,SAUDRUNESUDTOULOUSE_20260427_0043,1,SAUDRUNESUDTOULOUSE_20260427_0043.jpeg,Gobio gobio,GOBGOB,,AT,SAUDRUNESUDTOULOUSE,20260427,AT,3,,24,10,0.067112,6000,4000,b9ba0d7708ac5456b067cc7dd56fa68d,1.24.0,2026-07-29
SAUDRUNESUDTOULOUSE_20260427_0044,SAUDRUNESUDTOULOUSE_20260427_0044,1,SAUDRUNESUDTOULOUSE_20260427_0044.jpeg,Gobio gobio,GOBGOB,,AT,SAUDRUNESUDTOULOUSE,20260427,AT,3,,24,10,0.064183,6000,4000,9b92f28b2e3087076d090896cb664c7e,1.24.0,2026-07-29
SAUDRUNESUDTOULOUSE_20260427_0045,SAUDRUNESUDTOULOUSE_20260427_0045,1,SAUDRUNESUDTOULOUSE_20260427_0045.jpeg,Squalius cephalus,SQUCEP,elevee,terrain,SAUDRUNESUDTOULOUSE,20260427,AT,3,,24,10,0.067243,3825,1442,4799a6d0f2d50843806ec995f5611e48,1.24.0,2026-07-29
SAUDRUNESUDTOULOUSE_20260427_0046,SAUDRUNESUDTOULOUSE_20260427_0046,1,SAUDRUNESUDTOULOUSE_20260427_0046.jpeg,Gobio gobio,GOBGOB,,AT,SAUDRUNESUDTOULOUSE,20260427,AT,3,,24,10,0.066651,6000,4000,eba493441cd7c9d0f25988d583d7410d,1.24.0,2026-07-29
SAUDRUNESUDTOULOUSE_20260427_0047,SAUDRUNESUDTOULOUSE_20260427_0047,1,SAUDRUNESUDTOULOUSE_20260427_0047.jpeg,Squalius cephalus,SQUCEP,elevee,terrain,SAUDRUNESUDTOULOUSE,20260427,AT,3,,24,10,0.112875,3079,1720,8bd090d06900a98e550a861f5bed61fd,1.24.0,2026-07-29
SAUDRUNESUDTOULOUSE_20260427_0048,SAUDRUNESUDTOULOUSE_20260427_0048,1,SAUDRUNESUDTOULOUSE_20260427_0048.jpeg,Gobio gobio,GOBGOB,,AT,SAUDRUNESUDTOULOUSE,20260427,AT,3,,24,10,0.064005,6000,4000,9096157a44423b84be93286174918b47,1.24.0,2026-07-29
SAUDRUNESUDTOULOUSE_20260427_0049,SAUDRUNESUDTOULOUSE_20260427_0049,1,SAUDRUNESUDTOULOUSE_20260427_0049.jpeg,Squalius cephalus,SQUCEP,elevee,terrain,SAUDRUNESUDTOULOUSE,20260427,AT,3,,24,10,0.067113,3768,1632,998a932412c3b2aa80c8724c03f16bbd,1.24.0,2026-07-29
SAUDRUNESUDTOULOUSE_20260427_0050,SAUDRUNESUDTOULOUSE_20260427_0050,1,SAUDRUNESUDTOULOUSE_20260427_0050.jpeg,Gobio gobio,GOBGOB,,AT,SAUDRUNESUDTOULOUSE,20260427,AT,3,,24,10,0.066728,6000,4000,630030db61ec8fa1cbcd89e00096331d,1.24.0,2026-07-29
SAUDRUNESUDTOULOUSE_20260427_0051,SAUDRUNESUDTOULOUSE_20260427_0051,1,SAUDRUNESUDTOULOUSE_20260427_0051.jpeg,Gobio gobio,GOBGOB,,AT,SAUDRUNESUDTOULOUSE,20260427,AT,3,,24,10,0.065589,6000,4000,142a7eda42f12a1ca785a3a9f2db1c7a,1.24.0,2026-07-29
SAUDRUNESUDTOULOUSE_20260427_0052,SAUDRUNESUDTOULOUSE_20260427_0052,1,SAUDRUNESUDTOULOUSE_20260427_0052.jpeg,Squalius cephalus,SQUCEP,elevee,terrain,SAUDRUNESUDTOULOUSE,20260427,AT,3,,24,10,0.065685,3985,1684,23e92e0d0f96751823607f56c41e557b,1.24.0,2026-07-29
SAUDRUNESUDTOULOUSE_20260427_0053,SAUDRUNESUDTOULOUSE_20260427_0053,1,SAUDRUNESUDTOULOUSE_20260427_0053.jpeg,Squalius cephalus,SQUCEP,elevee,terrain,SAUDRUNESUDTOULOUSE,20260427,AT,3,,24,10,0.070238,4082,1462,66466c1196318e34f2e2a8cf531c035e,1.24.0,2026-07-29
SAUDRUNESUDTOULOUSE_20260427_0054,SAUDRUNESUDTOULOUSE_20260427_0054,1,SAUDRUNESUDTOULOUSE_20260427_0054.jpeg,Squalius cephalus,SQUCEP,elevee,terrain,SAUDRUNESUDTOULOUSE,20260427,AT,3,,24,10,0.067369,4026,1658,9abb82e84b7a993d34c1c90be354b8d6,1.24.0,2026-07-29
SAUDRUNESUDTOULOUSE_20260427_0055,SAUDRUNESUDTOULOUSE_20260427_0055,1,SAUDRUNESUDTOULOUSE_20260427_0055.jpeg,Gobio gobio,GOBGOB,,AT,SAUDRUNESUDTOULOUSE,20260427,AT,3,,24,10,0.070268,6000,4000,3d3778518c29d0ffdff8377353c2d978,1.24.0,2026-07-29
SAUDRUNESUDTOULOUSE_20260427_0056,SAUDRUNESUDTOULOUSE_20260427_0056,1,SAUDRUNESUDTOULOUSE_20260427_0056.jpeg,Gobio gobio,GOBGOB,,AT,SAUDRUNESUDTOULOUSE,20260427,AT,3,,24,10,0.055423,4000,3000,c8e6270e47581742084b775526b197c3,1.24.0,2026-07-29
SAUDRUNESUDTOULOUSE_20260427_0057,SAUDRUNESUDTOULOUSE_20260427_0057,1,SAUDRUNESUDTOULOUSE_20260427_0057.jpeg,Gobio gobio,GOBGOB,,AT,SAUDRUNESUDTOULOUSE,20260427,AT,3,,24,10,0.070268,6000,4000,2d6fe25f6f968854f9a5bcc50fc4af7d,1.24.0,2026-07-29
SAUDRUNESUDTOULOUSE_20260427_0058,SAUDRUNESUDTOULOUSE_20260427_0058,1,SAUDRUNESUDTOULOUSE_20260427_0058.jpeg,Gobio gobio,GOBGOB,,AT,SAUDRUNESUDTOULOUSE,20260427,AT,3,,24,10,0.066158,6000,4000,af32281a8ea8cc3c25dd51c9864aabcc,1.24.0,2026-07-29
SAUDRUNESUDTOULOUSE_20260427_0059,SAUDRUNESUDTOULOUSE_20260427_0059,1,SAUDRUNESUDTOULOUSE_20260427_0059.jpeg,Gobio gobio,GOBGOB,,AT,SAUDRUNESUDTOULOUSE,20260427,AT,3,,24,10,0.062659,6000,4000,da471b20f1d476fbaef970c5c754eadd,1.24.0,2026-07-29
SAUDRUNESUDTOULOUSE_20260427_0060,SAUDRUNESUDTOULOUSE_20260427_0060,1,SAUDRUNESUDTOULOUSE_20260427_0060.jpeg,Gobio gobio,GOBGOB,,AT,SAUDRUNESUDTOULOUSE,20260427,AT,3,,24,10,0.067888,6000,4000,2d59977593bed4c041f0b8d1b4332de0,1.24.0,2026-07-29
SAUDRUNESUDTOULOUSE_20260427_0061,SAUDRUNESUDTOULOUSE_20260427_0061,1,SAUDRUNESUDTOULOUSE_20260427_0061.jpeg,Gobio gobio,GOBGOB,,AT,SAUDRUNESUDTOULOUSE,20260427,AT,3,,24,10,0.066358,6000,4000,19c4ca24766dd070c752302c2b43c329,1.24.0,2026-07-29
SAUDRUNESUDTOULOUSE_20260427_0062,SAUDRUNESUDTOULOUSE_20260427_0062,1,SAUDRUNESUDTOULOUSE_20260427_0062.jpeg,Squalius cephalus,SQUCEP,elevee,terrain,SAUDRUNESUDTOULOUSE,20260427,AT,3,,24,10,0.066135,4026,1632,0536cafcee7e3e582682b85ba5e8c57a,1.24.0,2026-07-29
SAUDRUNESUDTOULOUSE_20260427_0063,SAUDRUNESUDTOULOUSE_20260427_0063,1,SAUDRUNESUDTOULOUSE_20260427_0063.jpeg,Squalius cephalus,SQUCEP,elevee,terrain,SAUDRUNESUDTOULOUSE,20260427,AT,3,,24,10,0.066882,4458,1730,2f742615d00a1f5da474765f0dbceda1,1.24.0,2026-07-29
SAUDRUNESUDTOULOUSE_20260427_0064,SAUDRUNESUDTOULOUSE_20260427_0064,1,SAUDRUNESUDTOULOUSE_20260427_0064.jpeg,Gobio gobio,GOBGOB,,AT,SAUDRUNESUDTOULOUSE,20260427,AT,3,,24,10,0.069466,6000,4000,9e709dfd81b79471b97b9f8f4887e136,1.24.0,2026-07-29
SAUDRUNESUDTOULOUSE_20260427_0065,SAUDRUNESUDTOULOUSE_20260427_0065,1,SAUDRUNESUDTOULOUSE_20260427_0065.jpeg,Gobio gobio,GOBGOB,,AT,SAUDRUNESUDTOULOUSE,20260427,AT,3,,24,10,0.066584,6000,4000,7e934a6413fe9624b50f1b5a25d588d1,1.24.0,2026-07-29
SAUDRUNESUDTOULOUSE_20260427_0066,SAUDRUNESUDTOULOUSE_20260427_0066,1,SAUDRUNESUDTOULOUSE_20260427_0066.jpeg,Gobio gobio,GOBGOB,,AT,SAUDRUNESUDTOULOUSE,20260427,AT,3,,24,10,0.065589,6000,4000,1004696a7904ea84c9755c7f99151ca4,1.24.0,2026-07-29
SAUDRUNESUDTOULOUSE_20260427_0067,SAUDRUNESUDTOULOUSE_20260427_0067,1,SAUDRUNESUDTOULOUSE_20260427_0067.jpeg,Gobio gobio,GOBGOB,,AT,SAUDRUNESUDTOULOUSE,20260427,AT,3,,24,10,0.055556,4000,3000,fb1b96723982fd08395d6daa86556abc,1.24.0,2026-07-29
SAUDRUNESUDTOULOUSE_20260427_0068,SAUDRUNESUDTOULOUSE_20260427_0068,1,SAUDRUNESUDTOULOUSE_20260427_0068.jpeg,Squalius cephalus,SQUCEP,,AT,SAUDRUNESUDTOULOUSE,20260427,AT,3,,24,10,0.056509,3020,1847,c4cf8380404383d8af1e89ced82d4ac5,1.24.0,2026-07-29
SAUDRUNESUDTOULOUSE_20260427_0069,SAUDRUNESUDTOULOUSE_20260427_0069,1,SAUDRUNESUDTOULOUSE_20260427_0069.jpeg,Squalius cephalus,SQUCEP,,AT,SAUDRUNESUDTOULOUSE,20260427,AT,3,,24,10,0.057467,2330,1668,2784bd6012c88c48c02714a5152d1734,1.24.0,2026-07-29
SAUDRUNESUDTOULOUSE_20260427_0070,SAUDRUNESUDTOULOUSE_20260427_0070,1,SAUDRUNESUDTOULOUSE_20260427_0070.jpeg,Squalius cephalus,SQUCEP,,AT,SAUDRUNESUDTOULOUSE,20260427,AT,3,,24,10,0.053703,2382,1342,1d835404502eb2dbc12ec2eab3146656,1.24.0,2026-07-29
SAUDRUNESUDTOULOUSE_20260427_0071,SAUDRUNESUDTOULOUSE_20260427_0071,1,SAUDRUNESUDTOULOUSE_20260427_0071.jpeg,Gobio gobio,GOBGOB,,AT,SAUDRUNESUDTOULOUSE,20260427,AT,3,,24,10,0.057346,4000,3000,6daf092e9e2b77cf847fd198b3997ac0,1.24.0,2026-07-29
SAUDRUNESUDTOULOUSE_20260427_0072,SAUDRUNESUDTOULOUSE_20260427_0072,1,SAUDRUNESUDTOULOUSE_20260427_0072.jpeg,Gobio gobio,GOBGOB,,AT,SAUDRUNESUDTOULOUSE,20260427,AT,3,,24,10,0.054132,4000,3000,2d2af99cfc8d2575e85f952995f02738,1.24.0,2026-07-29
SAUDRUNESUDTOULOUSE_20260427_0073,SAUDRUNESUDTOULOUSE_20260427_0073,1,SAUDRUNESUDTOULOUSE_20260427_0073.jpeg,Gobio gobio,GOBGOB,,AT,SAUDRUNESUDTOULOUSE,20260427,AT,3,,24,10,0.054681,4000,3000,cfdc718b15e4ba262b3b3f4ba315c80e,1.24.0,2026-07-29
SAUDRUNESUDTOULOUSE_20260427_0074,SAUDRUNESUDTOULOUSE_20260427_0074,1,SAUDRUNESUDTOULOUSE_20260427_0074.jpeg,Gobio gobio,GOBGOB,,AT,SAUDRUNESUDTOULOUSE,20260427,AT,3,,24,10,0.056422,4000,3000,1f198e3a229a0fabd8f66c70afaacfee,1.24.0,2026-07-29
SAUDRUNESUDTOULOUSE_20260427_0075,SAUDRUNESUDTOULOUSE_20260427_0075,1,SAUDRUNESUDTOULOUSE_20260427_0075.jpeg,Gobio gobio,GOBGOB,,AT,SAUDRUNESUDTOULOUSE,20260427,AT,3,,24,10,0.055493,4000,3000,586584239dd345f5d480ea6750158034,1.24.0,2026-07-29
SAUDRUNESUDTOULOUSE_20260427_0076,SAUDRUNESUDTOULOUSE_20260427_0076,1,SAUDRUNESUDTOULOUSE_20260427_0076.jpeg,Squalius cephalus,SQUCEP,,AT,SAUDRUNESUDTOULOUSE,20260427,AT,3,,24,10,0.05564,2650,1514,2e6d508d29123e74302bee942c2189df,1.24.0,2026-07-29
SAUDRUNESUDTOULOUSE_20260427_0077,SAUDRUNESUDTOULOUSE_20260427_0077,1,SAUDRUNESUDTOULOUSE_20260427_0077.jpeg,Gobio gobio,GOBGOB,,AT,SAUDRUNESUDTOULOUSE,20260427,AT,3,,24,10,0.046008,4000,3000,4ab127692b26e5dc4d575619aeb8164a,1.24.0,2026-07-29
SAUDRUNESUDTOULOUSE_20260427_0078,SAUDRUNESUDTOULOUSE_20260427_0078,1,SAUDRUNESUDTOULOUSE_20260427_0078.jpeg,Gobio gobio,GOBGOB,,AT,SAUDRUNESUDTOULOUSE,20260427,AT,3,,24,10,0.044672,4000,3000,c64efa5848352c523697ccb5523da520,1.24.0,2026-07-29
SAUDRUNESUDTOULOUSE_20260427_0079,SAUDRUNESUDTOULOUSE_20260427_0079,1,SAUDRUNESUDTOULOUSE_20260427_0079.jpeg,Gobio gobio,GOBGOB,,AT,SAUDRUNESUDTOULOUSE,20260427,AT,3,,24,10,0.046037,4000,3000,3335c189650c2f6e257b340104f84893,1.24.0,2026-07-29
SAUDRUNESUDTOULOUSE_20260427_0080,SAUDRUNESUDTOULOUSE_20260427_0080,1,SAUDRUNESUDTOULOUSE_20260427_0080.jpeg,Squalius cephalus,SQUCEP,,AT,SAUDRUNESUDTOULOUSE,20260427,AT,3,,24,10,0.044953,2004,1016,0830d014be7ca36d4b37cd8f7c105a9d,1.24.0,2026-07-29
SAUDRUNESUDTOULOUSE_20260427_0081,SAUDRUNESUDTOULOUSE_20260427_0081,1,SAUDRUNESUDTOULOUSE_20260427_0081.jpeg,Gobio gobio,GOBGOB,,AT,SAUDRUNESUDTOULOUSE,20260427,AT,3,,24,10,0.0458,4000,3000,bf4275091e56a287ac9a299f33c51cf6,1.24.0,2026-07-29
SAUDRUNESUDTOULOUSE_20260427_0082,SAUDRUNESUDTOULOUSE_20260427_0082,1,SAUDRUNESUDTOULOUSE_20260427_0082.jpeg,Squalius cephalus,SQUCEP,,AT,SAUDRUNESUDTOULOUSE,20260427,AT,3,,24,10,0.06345,1932,1510,bf7336645847fa7b402d6645b6853fc7,1.24.0,2026-07-29
SAUDRUNESUDTOULOUSE_20260427_0083,SAUDRUNESUDTOULOUSE_20260427_0083,1,SAUDRUNESUDTOULOUSE_20260427_0083.jpeg,Gobio gobio,GOBGOB,,AT,SAUDRUNESUDTOULOUSE,20260427,AT,3,,24,10,0.065308,1949,1624,5af751738b80543cf6eac2748f14c047,1.24.0,2026-07-29
SAUDRUNESUDTOULOUSE_20260427_0084,SAUDRUNESUDTOULOUSE_20260427_0084,1,SAUDRUNESUDTOULOUSE_20260427_0084.jpeg,Gobio gobio,GOBGOB,,AT,SAUDRUNESUDTOULOUSE,20260427,AT,3,,24,10,0.060455,1943,1376,7c3dfe7202d893f1fecb79b97b02b71f,1.24.0,2026-07-29
SAUDRUNESUDTOULOUSE_20260427_0085,SAUDRUNESUDTOULOUSE_20260427_0085,1,SAUDRUNESUDTOULOUSE_20260427_0085.jpeg,Gobio gobio,GOBGOB,,AT,SAUDRUNESUDTOULOUSE,20260427,AT,3,,24,10,0.062879,1740,1356,f04142e2acb2d18e890ac99145c9eb3d,1.24.0,2026-07-29
SAUDRUNESUDTOULOUSE_20260427_0086,SAUDRUNESUDTOULOUSE_20260427_0086,1,SAUDRUNESUDTOULOUSE_20260427_0086.jpeg,Gobio gobio,GOBGOB,,AT,SAUDRUNESUDTOULOUSE,20260427,AT,3,,24,10,0.048565,2540,1675,e9b0afec7a2af218d6434cfdea7e38d2,1.24.0,2026-07-29
SAUDRUNESUDTOULOUSE_20260427_0087,SAUDRUNESUDTOULOUSE_20260427_0087,1,SAUDRUNESUDTOULOUSE_20260427_0087.jpeg,Gobio gobio,GOBGOB,,AT,SAUDRUNESUDTOULOUSE,20260427,AT,3,,24,10,0.049219,2114,1771,abde7a8d1a47a43f5e47d3137afc05ba,1.24.0,2026-07-29
SAUDRUNESUDTOULOUSE_20260427_0088,SAUDRUNESUDTOULOUSE_20260427_0088,1,SAUDRUNESUDTOULOUSE_20260427_0088.jpeg,Gobio gobio,GOBGOB,,AT,SAUDRUNESUDTOULOUSE,20260427,AT,5,,24,10,0.048113,2324,1771,9841bba3778fb35ab222df91099fd3f1,1.24.0,2026-07-29
SAUDRUNESUDTOULOUSE_20260427_0089,SAUDRUNESUDTOULOUSE_20260427_0089,1,SAUDRUNESUDTOULOUSE_20260427_0089.jpeg,Squalius cephalus,SQUCEP,,AT,SAUDRUNESUDTOULOUSE,20260427,AT,3,no,24,10,0.090191194,1263,872,afe427251b90f761335352af67317a92,1.34.0,2026-09-04
SAUDRUNESUDTOULOUSE_20260427_0090,SAUDRUNESUDTOULOUSE_20260427_0090,1,SAUDRUNESUDTOULOUSE_20260427_0090.jpeg,Barbus barbus,BARBUBAR,,AT,SAUDRUNESUDTOULOUSE,20260427,AT,3,no,24,10,0.045647791,1280,759,f25c2c88f889276dd26a343886099d3c,1.34.0,2026-09-04
SAUDRUNESUDTOULOUSE_20260427_0091,SAUDRUNESUDTOULOUSE_20260427_0091,1,SAUDRUNESUDTOULOUSE_20260427_0091.jpeg,Gobio gobio,GOBGOB,,AT,SAUDRUNESUDTOULOUSE,20260427,AT,3,,24,10,0.045582,2564,1394,37ed4115ac2aab7594477464bd987372,1.24.0,2026-07-29
SAUDRUNESUDTOULOUSE_20260427_0092,SAUDRUNESUDTOULOUSE_20260427_0092,1,SAUDRUNESUDTOULOUSE_20260427_0092.jpeg,Gobio gobio,GOBGOB,,AT,SAUDRUNESUDTOULOUSE,20260427,AT,3,,24,10,0.045508,2660,1723,660a11a8a9e63d1a18d9357806d80c24,1.24.0,2026-07-29
SAUDRUNESUDTOULOUSE_20260427_0093,SAUDRUNESUDTOULOUSE_20260427_0093,1,SAUDRUNESUDTOULOUSE_20260427_0093.jpeg,Gobio gobio,GOBGOB,,AT,SAUDRUNESUDTOULOUSE,20260427,AT,3,,24,10,0.045737,2602,2087,d047cdd35a59e2addc707af1b80a1f6f,1.24.0,2026-07-29
SAUDRUNESUDTOULOUSE_20260427_0094,SAUDRUNESUDTOULOUSE_20260427_0094,1,SAUDRUNESUDTOULOUSE_20260427_0094.jpeg,Gobio gobio,GOBGOB,,AT,SAUDRUNESUDTOULOUSE,20260427,AT,3,,24,10,0.045928,2492,1905,80897fe6bfd8372aeaa6da33b39bddd5,1.24.0,2026-07-29
SAUDRUNESUDTOULOUSE_20260427_0095,SAUDRUNESUDTOULOUSE_20260427_0095,1,SAUDRUNESUDTOULOUSE_20260427_0095.jpeg,Gobio gobio,GOBGOB,,AT,SAUDRUNESUDTOULOUSE,20260427,AT,3,,24,10,0.045363,2320,1898,d8fe9c83ef418cb0a5c8be4b55c351b1,1.24.0,2026-07-29
SAUDRUNESUDTOULOUSE_20260427_0096,SAUDRUNESUDTOULOUSE_20260427_0096,1,SAUDRUNESUDTOULOUSE_20260427_0096.jpeg,Gobio gobio,GOBGOB,,AT,SAUDRUNESUDTOULOUSE,20260427,AT,3,,24,10,0.045144,2286,1912,8a601362032cd567ec8669723b696145,1.24.0,2026-07-29
SAUDRUNESUDTOULOUSE_20260427_0097,SAUDRUNESUDTOULOUSE_20260427_0097,1,SAUDRUNESUDTOULOUSE_20260427_0097.jpeg,Gobio gobio,GOBGOB,,AT,SAUDRUNESUDTOULOUSE,20260427,AT,3,,24,10,0.045948,2646,1977,e425e58b87783aa7623820623c409170,1.24.0,2026-07-29
SAUDRUNESUDTOULOUSE_20260427_0098,SAUDRUNESUDTOULOUSE_20260427_0098,1,SAUDRUNESUDTOULOUSE_20260427_0098.jpeg,Gobio gobio,GOBGOB,,AT,SAUDRUNESUDTOULOUSE,20260427,AT,3,,24,10,0.045413,2684,2139,ad892403de61f745fc2a1a241dd4634b,1.24.0,2026-07-29
SAUDRUNESUDTOULOUSE_20260427_0099,SAUDRUNESUDTOULOUSE_20260427_0099,1,SAUDRUNESUDTOULOUSE_20260427_0099.jpeg,Squalius cephalus,SQUCEP,,AT,SAUDRUNESUDTOULOUSE,20260427,AT,3,,24,10,0.045219,1284,645,fbc9592089bbf55ad1f0610e68fa1a7b,1.24.0,2026-07-29
SAUDRUNESUDTOULOUSE_20260427_0100,SAUDRUNESUDTOULOUSE_20260427_0100,1,SAUDRUNESUDTOULOUSE_20260427_0100.jpeg,Gobio gobio,GOBGOB,,AT,SAUDRUNESUDTOULOUSE,20260427,AT,3,,24,10,0.045853,1973,2180,5e63e461755c5cccc04f901964c74d4e,1.24.0,2026-07-29
SAUDRUNESUDTOULOUSE_20260427_0101,SAUDRUNESUDTOULOUSE_20260427_0101,1,SAUDRUNESUDTOULOUSE_20260427_0101.jpeg,Gobio gobio,GOBGOB,,AT,SAUDRUNESUDTOULOUSE,20260427,AT,3,,24,10,0.045564,2279,2293,0b959b0a1b98fb2db973a740441acfb4,1.24.0,2026-07-29
SAUDRUNESUDTOULOUSE_20260427_0102,SAUDRUNESUDTOULOUSE_20260427_0102,1,SAUDRUNESUDTOULOUSE_20260427_0102.jpeg,Gobio gobio,GOBGOB,,AT,SAUDRUNESUDTOULOUSE,20260427,AT,3,,24,10,0.045019,2159,1943,6654ae1484f0b5397cd95fb589c8082d,1.24.0,2026-07-29
SAUDRUNESUDTOULOUSE_20260427_0103,SAUDRUNESUDTOULOUSE_20260427_0103,1,SAUDRUNESUDTOULOUSE_20260427_0103.jpeg,Gobio gobio,GOBGOB,,AT,SAUDRUNESUDTOULOUSE,20260427,AT,3,,24,10,0.045992,2770,2056,9556c1e6618a38505208da91132bc28c,1.24.0,2026-07-29
SAUDRUNESUDTOULOUSE_20260427_0104,SAUDRUNESUDTOULOUSE_20260427_0104,1,SAUDRUNESUDTOULOUSE_20260427_0104.jpeg,Gobio gobio,GOBGOB,,AT,SAUDRUNESUDTOULOUSE,20260427,AT,3,,24,10,0.044943,2777,2104,7b147a5a9aeab1c1a3e1a94012bb2a2e,1.24.0,2026-07-29
SAUDRUNESUDTOULOUSE_20260427_0105,SAUDRUNESUDTOULOUSE_20260427_0105,1,SAUDRUNESUDTOULOUSE_20260427_0105.jpeg,Gobio gobio,GOBGOB,,AT,SAUDRUNESUDTOULOUSE,20260427,AT,3,,24,10,0.0462,2729,2159,fd08ceffcfdce7459c12f6b87cacba94,1.24.0,2026-07-29
SAUDRUNESUDTOULOUSE_20260427_0106,SAUDRUNESUDTOULOUSE_20260427_0106,1,SAUDRUNESUDTOULOUSE_20260427_0106.jpeg,Gobio gobio,GOBGOB,,AT,SAUDRUNESUDTOULOUSE,20260427,AT,3,,24,10,0.046062,3151,2296,72143bef9ba3bc246acb987196b96e01,1.24.0,2026-07-29
SAUDRUNESUDTOULOUSE_20260427_0107,SAUDRUNESUDTOULOUSE_20260427_0107,1,SAUDRUNESUDTOULOUSE_20260427_0107.jpeg,Gobio gobio,GOBGOB,,AT,SAUDRUNESUDTOULOUSE,20260427,AT,3,,24,10,0.046828,2869,2290,09ac24420c7f63d453ae7fc1b3a295c4,1.24.0,2026-07-29
SAUDRUNESUDTOULOUSE_20260427_0108,SAUDRUNESUDTOULOUSE_20260427_0108,1,SAUDRUNESUDTOULOUSE_20260427_0108.jpeg,Gobio gobio,GOBGOB,,AT,SAUDRUNESUDTOULOUSE,20260427,AT,3,,24,10,0.046374,2924,2066,a2238ce6644fa01e42228a085cc2d7d1,1.24.0,2026-07-29
SAUDRUNESUDTOULOUSE_20260427_0109,SAUDRUNESUDTOULOUSE_20260427_0109,1,SAUDRUNESUDTOULOUSE_20260427_0109.jpeg,Gobio gobio,GOBGOB,,AT,SAUDRUNESUDTOULOUSE,20260427,AT,3,no,24,10,0.045996487,1191,1215,164c306f84d1f1a3e64c0a591057c957,1.32.1,2026-08-04
SAUDRUNESUDTOULOUSE_20260427_0110,SAUDRUNESUDTOULOUSE_20260427_0110,1,SAUDRUNESUDTOULOUSE_20260427_0110.jpeg,Barbus barbus,BARBUBAR,,AT,SAUDRUNESUDTOULOUSE,20260427,AT,3,no,24,10,0.045387287,1991,995,753aafe4b5da19065ce8495aeda6544b,1.34.0,2026-09-04
SAUDRUNESUDTOULOUSE_20260427_0111,SAUDRUNESUDTOULOUSE_20260427_0111,1,SAUDRUNESUDTOULOUSE_20260427_0111.jpeg,Barbus barbus,BARBUBAR,,AT,SAUDRUNESUDTOULOUSE,20260427,AT,3,no,24,10,0.045021868,1314,920,ef6e311325dde8e641218b14c59a9ade,1.34.0,2026-09-04
SAUDRUNESUDTOULOUSE_20260427_0112,SAUDRUNESUDTOULOUSE_20260427_0112,1,SAUDRUNESUDTOULOUSE_20260427_0112.jpeg,Gobio gobio,GOBGOB,,AT,SAUDRUNESUDTOULOUSE,20260427,AT,1,yes,24,10,0.04465606,2203,1050,8a4ec7457ac9a206b88bbf733c34c9b5,1.32.1,2026-08-04
SAUDRUNESUDTOULOUSE_20260427_0113,SAUDRUNESUDTOULOUSE_20260427_0113,1,SAUDRUNESUDTOULOUSE_20260427_0113.jpeg,Gobio gobio,GOBGOB,,AT,SAUDRUNESUDTOULOUSE,20260427,AT,3,,24,10,0.044685,2183,1665,bec8ed3a45498c582c63ce5fffcf29d8,1.24.0,2026-07-29
SAUDRUNESUDTOULOUSE_20260427_0114,SAUDRUNESUDTOULOUSE_20260427_0114,1,SAUDRUNESUDTOULOUSE_20260427_0114.jpeg,Gobio gobio,GOBGOB,,AT,SAUDRUNESUDTOULOUSE,20260427,AT,3,,24,10,0.044033,2653,1589,05842b544643920bcaa3432c208ed211,1.24.0,2026-07-29
SAUDRUNESUDTOULOUSE_20260427_0115,SAUDRUNESUDTOULOUSE_20260427_0115,1,SAUDRUNESUDTOULOUSE_20260427_0115.jpeg,Gobio gobio,GOBGOB,,AT,SAUDRUNESUDTOULOUSE,20260427,AT,3,,24,10,0.046294,2162,1737,9ddb1e4a3b9987cf842ee8da2dc1a0c7,1.24.0,2026-07-29
SAUDRUNESUDTOULOUSE_20260427_0116,SAUDRUNESUDTOULOUSE_20260427_0116,1,SAUDRUNESUDTOULOUSE_20260427_0116.jpeg,Gobio gobio,GOBGOB,,AT,SAUDRUNESUDTOULOUSE,20260427,AT,3,,24,10,0.044796,2238,1874,e6da6d00fd2d8ba70a4ac602c4c3e9ee,1.24.0,2026-07-29
SAUDRUNESUDTOULOUSE_20260427_0117,SAUDRUNESUDTOULOUSE_20260427_0117,1,SAUDRUNESUDTOULOUSE_20260427_0117.jpeg,Gobio gobio,GOBGOB,,AT,SAUDRUNESUDTOULOUSE,20260427,AT,3,,24,10,0.044383,2536,1898,1d6e48a09846f4c0efb7719e7705c578,1.24.0,2026-07-29
SAUDRUNESUDTOULOUSE_20260427_0118,SAUDRUNESUDTOULOUSE_20260427_0118,1,SAUDRUNESUDTOULOUSE_20260427_0118.jpeg,Gobio gobio,GOBGOB,,AT,SAUDRUNESUDTOULOUSE,20260427,AT,3,,24,10,0.044648,2083,1860,52fd54415a12b10e2a823e1cf17c6a9c,1.24.0,2026-07-29
SAUDRUNESUDTOULOUSE_20260427_0119,SAUDRUNESUDTOULOUSE_20260427_0119,1,SAUDRUNESUDTOULOUSE_20260427_0119.jpeg,Gobio gobio,GOBGOB,,AT,SAUDRUNESUDTOULOUSE,20260427,AT,3,,24,10,0.045655,2190,1644,ca80757bdbb6ea1381461147d64b9b51,1.24.0,2026-07-29
SAUDRUNESUDTOULOUSE_20260427_0120,SAUDRUNESUDTOULOUSE_20260427_0120,1,SAUDRUNESUDTOULOUSE_20260427_0120.jpeg,Gobio gobio,GOBGOB,,AT,SAUDRUNESUDTOULOUSE,20260427,AT,3,,24,10,0.044218,2711,1991,5188243ccb411c613dfd202ea2d0d385,1.24.0,2026-07-29
SAUDRUNESUDTOULOUSE_20260427_0121,SAUDRUNESUDTOULOUSE_20260427_0121,1,SAUDRUNESUDTOULOUSE_20260427_0121.jpeg,Gobio gobio,GOBGOB,,AT,SAUDRUNESUDTOULOUSE,20260427,AT,3,,24,10,0.044575,2279,1881,2689b9f186440010cb1a7684746cd415,1.24.0,2026-07-29
SAUDRUNESUDTOULOUSE_20260427_0122,SAUDRUNESUDTOULOUSE_20260427_0122,1,SAUDRUNESUDTOULOUSE_20260427_0122.jpeg,Gobio gobio,GOBGOB,,AT,SAUDRUNESUDTOULOUSE,20260427,AT,3,,24,10,0.046168,2022,2077,a9bcb3de5fb32965b3900c53827edbae,1.24.0,2026-07-29
SAUDRUNESUDTOULOUSE_20260427_0123,SAUDRUNESUDTOULOUSE_20260427_0123,1,SAUDRUNESUDTOULOUSE_20260427_0123.jpeg,Gobio gobio,GOBGOB,,AT,SAUDRUNESUDTOULOUSE,20260427,AT,3,,24,10,0.046282,2100,2015,c640ed6c3b511240998c55c69a129c4f,1.24.0,2026-07-29
SAUDRUNESUDTOULOUSE_20260427_0124,SAUDRUNESUDTOULOUSE_20260427_0124,1,SAUDRUNESUDTOULOUSE_20260427_0124.jpeg,Gobio gobio,GOBGOB,,AT,SAUDRUNESUDTOULOUSE,20260427,AT,3,,24,10,0.045863,2639,2118,10b3be08ae119f7e6ea1bb9d926d4f2f,1.24.0,2026-07-29
SAUDRUNESUDTOULOUSE_20260427_0125,SAUDRUNESUDTOULOUSE_20260427_0125,1,SAUDRUNESUDTOULOUSE_20260427_0125.jpeg,Barbus barbus,BARBUBAR,,AT,SAUDRUNESUDTOULOUSE,20260427,AT,3,no,24,10,0.045614211,2262,1198,627306411a9e06fd6446097ef9afa4dc,1.34.0,2026-09-04
SAUDRUNESUDTOULOUSE_20260427_0126,SAUDRUNESUDTOULOUSE_20260427_0126,1,SAUDRUNESUDTOULOUSE_20260427_0126.jpeg,Barbus barbus,BARBUBAR,,AT,SAUDRUNESUDTOULOUSE,20260427,AT,3,no,22,10,,1479,882,6121c6309601e0d3d4efd888cc0fc810,1.34.0,2026-09-04
SAUDRUNESUDTOULOUSE_20260427_0127,SAUDRUNESUDTOULOUSE_20260427_0127,1,SAUDRUNESUDTOULOUSE_20260427_0127.jpeg,Gobio gobio,GOBGOB,,AT,SAUDRUNESUDTOULOUSE,20260427,AT,3,,24,10,0.065457,2656,1483,bd161ae934d1b76da95a89c8f1e8310b,1.24.0,2026-07-29
SAUDRUNESUDTOULOUSE_20260427_0128,SAUDRUNESUDTOULOUSE_20260427_0128,1,SAUDRUNESUDTOULOUSE_20260427_0128.jpeg,Gobio gobio,GOBGOB,,AT,SAUDRUNESUDTOULOUSE,20260427,AT,3,,24,10,0.069147,2656,1467,5659a377919af1f2ab2466034a811432,1.24.0,2026-07-29
SAUDRUNESUDTOULOUSE_20260427_0129,SAUDRUNESUDTOULOUSE_20260427_0129,1,SAUDRUNESUDTOULOUSE_20260427_0129.jpeg,Perca fluviatilis,PERFLU,forte,terrain,SAUDRUNESUDTOULOUSE,20260427,AT,3,,24,10,0.069707,2744,2008,8b44adf4140b767b780c120698a3f559,1.24.0,2026-07-29
SAUDRUNESUDTOULOUSE_20260427_0130,SAUDRUNESUDTOULOUSE_20260427_0130,1,SAUDRUNESUDTOULOUSE_20260427_0130.jpeg,Gobio gobio,GOBGOB,,AT,SAUDRUNESUDTOULOUSE,20260427,AT,3,,24,10,0.068395,2692,1550,7fb7d0639307c2332a9a3222c50679a3,1.24.0,2026-07-29
SAUDRUNESUDTOULOUSE_20260427_0131,SAUDRUNESUDTOULOUSE_20260427_0131,1,SAUDRUNESUDTOULOUSE_20260427_0131.jpeg,Perca fluviatilis,PERFLU,forte,terrain,SAUDRUNESUDTOULOUSE,20260427,AT,3,,24,10,0.069434,2553,2291,650036ab5ca46bdf8eb8ba1f8f326ddd,1.24.0,2026-07-29
SAUDRUNESUDTOULOUSE_20260427_0132,SAUDRUNESUDTOULOUSE_20260427_0132,1,SAUDRUNESUDTOULOUSE_20260427_0132.jpeg,Gobio gobio,GOBGOB,,AT,SAUDRUNESUDTOULOUSE,20260427,AT,3,,24,10,0.067736,2363,1987,b6156e8545f11b9050cb40cff98ae038,1.24.0,2026-07-29
SAUDRUNESUDTOULOUSE_20260427_0133,SAUDRUNESUDTOULOUSE_20260427_0133,1,SAUDRUNESUDTOULOUSE_20260427_0133.jpeg,Leuciscus burdigalensis,LEUBUR,moyenne,terrain,SAUDRUNESUDTOULOUSE,20260427,AT,3,,24,10,0.071133,3125,1102,af3dd02bba22b8ca37b90e88187deb0c,1.24.0,2026-07-29
SAUDRUNESUDTOULOUSE_20260427_0134,SAUDRUNESUDTOULOUSE_20260427_0134,1,SAUDRUNESUDTOULOUSE_20260427_0134.jpeg,Gobio gobio,GOBGOB,,AT,SAUDRUNESUDTOULOUSE,20260427,AT,3,,24,10,0.067329,2842,1890,ee0fed48c5d1b246595e1cc728619aca,1.24.0,2026-07-29
SAUDRUNESUDTOULOUSE_20260427_0135,SAUDRUNESUDTOULOUSE_20260427_0135,1,SAUDRUNESUDTOULOUSE_20260427_0135.jpeg,Gobio gobio,GOBGOB,,AT,SAUDRUNESUDTOULOUSE,20260427,AT,3,,24,10,0.070736,2420,2003,2732dd921f65e064d7f4982da9c39c7f,1.24.0,2026-07-29
SAUDRUNESUDTOULOUSE_20260427_0136,SAUDRUNESUDTOULOUSE_20260427_0136,1,SAUDRUNESUDTOULOUSE_20260427_0136.jpeg,Gobio gobio,GOBGOB,,AT,SAUDRUNESUDTOULOUSE,20260427,AT,3,,24,10,0.068491,2239,1823,4faea45646affb6694ba51e43af2d4de,1.24.0,2026-07-29
SAUDRUNESUDTOULOUSE_20260427_0137,SAUDRUNESUDTOULOUSE_20260427_0137,1,SAUDRUNESUDTOULOUSE_20260427_0137.jpeg,Gobio gobio,GOBGOB,,AT,SAUDRUNESUDTOULOUSE,20260427,AT,3,,24,10,0.072566,2239,1967,3cc6540fe3cd8d14966eae703d3e9f46,1.24.0,2026-07-29
SAUDRUNESUDTOULOUSE_20260427_0138,SAUDRUNESUDTOULOUSE_20260427_0138,1,SAUDRUNESUDTOULOUSE_20260427_0138.jpeg,Gobio gobio,GOBGOB,,AT,SAUDRUNESUDTOULOUSE,20260427,AT,3,,24,10,0.070231,2487,1941,d720c22b4b5da714cd60a002a56e6feb,1.24.0,2026-07-29
SAUDRUNESUDTOULOUSE_20260427_0139,SAUDRUNESUDTOULOUSE_20260427_0139,1,SAUDRUNESUDTOULOUSE_20260427_0139.jpeg,Leuciscus burdigalensis,LEUBUR,moyenne,terrain,SAUDRUNESUDTOULOUSE,20260427,AT,3,,24,10,0.069809,1781,772,e3e8aec0341c1579189448b2ecad197b,1.24.0,2026-07-29
SAUDRUNESUDTOULOUSE_20260427_0140,SAUDRUNESUDTOULOUSE_20260427_0140,1,SAUDRUNESUDTOULOUSE_20260427_0140.jpeg,Leuciscus burdigalensis,LEUBUR,moyenne,terrain,SAUDRUNESUDTOULOUSE,20260427,AT,3,,24,10,0.068617,2265,968,8d785796aef18ad1d8a0c3258e8ae6f2,1.24.0,2026-07-29
SAUDRUNESUDTOULOUSE_20260427_0141,SAUDRUNESUDTOULOUSE_20260427_0141,1,SAUDRUNESUDTOULOUSE_20260427_0141.jpeg,Gobio gobio,GOBGOB,,AT,SAUDRUNESUDTOULOUSE,20260427,AT,3,,24,10,0.067963,2970,2018,6a5879344fb30b240e8dd232dcb657c2,1.24.0,2026-07-29
SAUDRUNESUDTOULOUSE_20260427_0142,SAUDRUNESUDTOULOUSE_20260427_0142,1,SAUDRUNESUDTOULOUSE_20260427_0142.jpeg,Squalius cephalus,SQUCEP,forte,terrain,SAUDRUNESUDTOULOUSE,20260427,AT,3,no,24,10,0.066577856,3068,2235,d870d30862d886cfb4e648e0ff359c01,1.34.0,2026-09-04
SAUDRUNESUDTOULOUSE_20260427_0143,SAUDRUNESUDTOULOUSE_20260427_0143,1,SAUDRUNESUDTOULOUSE_20260427_0143.jpeg,Squalius cephalus,SQUCEP,forte,terrain,SAUDRUNESUDTOULOUSE,20260427,AT,3,,24,10,0.068983,3449,2255,66eb4cba01a0d82db2d646d03291920f,1.24.0,2026-07-29
SAUDRUNESUDTOULOUSE_20260427_0144,SAUDRUNESUDTOULOUSE_20260427_0144,1,SAUDRUNESUDTOULOUSE_20260427_0144.jpeg,Squalius cephalus,SQUCEP,forte,terrain,SAUDRUNESUDTOULOUSE,20260427,AT,3,,24,10,0.073509,4561,2374,91e0af2f57e84a17e1faf6065cb9ce85,1.24.0,2026-07-29
SAUDRUNESUDTOULOUSE_20260427_0145,SAUDRUNESUDTOULOUSE_20260427_0145,1,SAUDRUNESUDTOULOUSE_20260427_0145.jpeg,Squalius cephalus,SQUCEP,moyenne,terrain,SAUDRUNESUDTOULOUSE,20260427,AT,3,no,24,10,0.065082291,3918,2029,71aa49755ce934c53f70ce15cb679864,1.34.0,2026-09-04
SAUDRUNESUDTOULOUSE_20260427_0146,SAUDRUNESUDTOULOUSE_20260427_0146,1,SAUDRUNESUDTOULOUSE_20260427_0146.jpeg,Gobio gobio,GOBGOB,,AT,SAUDRUNESUDTOULOUSE,20260427,AT,3,,24,10,0.065194,3125,2147,5426c80aeede5477f73037ca81950668,1.24.0,2026-07-29
SAUDRUNESUDTOULOUSE_20260427_0147,SAUDRUNESUDTOULOUSE_20260427_0147,1,SAUDRUNESUDTOULOUSE_20260427_0147.jpeg,Gobio gobio,GOBGOB,,AT,SAUDRUNESUDTOULOUSE,20260427,AT,3,,24,10,0.067935,803,628,8bb3d4d61024366227c8796ee0e1dd87,1.24.0,2026-07-29
SAUDRUNESUDTOULOUSE_20260427_0148,SAUDRUNESUDTOULOUSE_20260427_0148,1,SAUDRUNESUDTOULOUSE_20260427_0148.jpeg,Gobio gobio,GOBGOB,,AT,SAUDRUNESUDTOULOUSE,20260427,AT,3,,24,10,0.068928,3022,2307,b38a355d048ce31fa9d6fa955b6afb06,1.24.0,2026-07-29
SAUDRUNESUDTOULOUSE_20260427_0149,SAUDRUNESUDTOULOUSE_20260427_0149,1,SAUDRUNESUDTOULOUSE_20260427_0149.jpeg,Gobio gobio,GOBGOB,,AT,SAUDRUNESUDTOULOUSE,20260427,AT,3,,24,10,0.066924,1457,597,7367451ecbaa237e2b0436726b949626,1.24.0,2026-07-29
SAUDRUNESUDTOULOUSE_20260427_0150,SAUDRUNESUDTOULOUSE_20260427_0150,1,SAUDRUNESUDTOULOUSE_20260427_0150.jpeg,Gobio gobio,GOBGOB,,AT,SAUDRUNESUDTOULOUSE,20260427,AT,3,,24,10,0.066965,1040,520,c857574a8f73c5290b50978d55fcbb10,1.24.0,2026-07-29
SAUDRUNESUDTOULOUSE_20260427_0151,SAUDRUNESUDTOULOUSE_20260427_0151,1,SAUDRUNESUDTOULOUSE_20260427_0151.jpeg,Squalius cephalus,SQUCEP,forte,terrain,SAUDRUNESUDTOULOUSE,20260427,AT,3,,24,10,0.065082,3763,2029,9b5b197fe488eede324e66d3f9ee3274,1.24.0,2026-07-29
SAUDRUNESUDTOULOUSE_20260427_0152,SAUDRUNESUDTOULOUSE_20260427_0152,1,SAUDRUNESUDTOULOUSE_20260427_0152.jpeg,Gobio gobio,GOBGOB,,AT,SAUDRUNESUDTOULOUSE,20260427,AT,3,,24,10,0.067128,1807,747,7f9d61479ff6c35faaf19da7e1be1639,1.24.0,2026-07-29
SAUDRUNESUDTOULOUSE_20260427_0153,SAUDRUNESUDTOULOUSE_20260427_0153,1,SAUDRUNESUDTOULOUSE_20260427_0153.jpeg,Gobio gobio,GOBGOB,,AT,SAUDRUNESUDTOULOUSE,20260427,AT,3,,24,10,0.067277,2950,2106,f071a6eb449acf2ef4a2acf7a1c2d39c,1.24.0,2026-07-29
SAUDRUNESUDTOULOUSE_20260427_0154,SAUDRUNESUDTOULOUSE_20260427_0154,1,SAUDRUNESUDTOULOUSE_20260427_0154.jpeg,Gobio gobio,GOBGOB,,AT,SAUDRUNESUDTOULOUSE,20260427,AT,3,,24,10,0.068966,2821,2173,2f473d40eeeac3e9c3180af95152c7b6,1.24.0,2026-07-29
SAUDRUNESUDTOULOUSE_20260427_0155,SAUDRUNESUDTOULOUSE_20260427_0155,1,SAUDRUNESUDTOULOUSE_20260427_0155.jpeg,Gobio gobio,GOBGOB,,AT,SAUDRUNESUDTOULOUSE,20260427,AT,3,,24,10,0.068762,3089,2260,4b375b7f65ab549763c3f859a81d2ca5,1.24.0,2026-07-29
SAUDRUNESUDTOULOUSE_20260427_0156,SAUDRUNESUDTOULOUSE_20260427_0156,1,SAUDRUNESUDTOULOUSE_20260427_0156.jpeg,Gobio gobio,GOBGOB,,AT,SAUDRUNESUDTOULOUSE,20260427,AT,3,,24,10,0.068502,2641,2085,519cfd30996835216e3a11b950d9a6d2,1.24.0,2026-07-29
SAUDRUNESUDTOULOUSE_20260427_0157,SAUDRUNESUDTOULOUSE_20260427_0157,1,SAUDRUNESUDTOULOUSE_20260427_0157.jpeg,Gobio gobio,GOBGOB,,AT,SAUDRUNESUDTOULOUSE,20260427,AT,3,,24,10,0.067876,2461,2209,01583433a5eff14d5aa0135fb78ce615,1.24.0,2026-07-29
SAUDRUNESUDTOULOUSE_20260427_0158,SAUDRUNESUDTOULOUSE_20260427_0158,1,SAUDRUNESUDTOULOUSE_20260427_0158.jpeg,Gobio gobio,GOBGOB,,AT,SAUDRUNESUDTOULOUSE,20260427,AT,3,,24,10,0.066967,2898,2425,b6c1b6548983c9d8dd43108f6919450f,1.24.0,2026-07-29
SAUDRUNESUDTOULOUSE_20260427_0159,SAUDRUNESUDTOULOUSE_20260427_0159,1,SAUDRUNESUDTOULOUSE_20260427_0159.jpeg,Gobio gobio,GOBGOB,,AT,SAUDRUNESUDTOULOUSE,20260427,AT,3,,24,10,0.066448,2451,2322,51449c652fe5c2e2b1235475058c687f,1.24.0,2026-07-29
SAUDRUNESUDTOULOUSE_20260427_0160,SAUDRUNESUDTOULOUSE_20260427_0160,1,SAUDRUNESUDTOULOUSE_20260427_0160.jpeg,Gobio gobio,GOBGOB,,AT,SAUDRUNESUDTOULOUSE,20260427,AT,3,,24,10,0.06855,2342,2508,67207ce79352f2d2624490febabeaba7,1.24.0,2026-07-29
SAUDRUNESUDTOULOUSE_20260427_0161,SAUDRUNESUDTOULOUSE_20260427_0161,1,SAUDRUNESUDTOULOUSE_20260427_0161.jpeg,Gobio gobio,GOBGOB,,AT,SAUDRUNESUDTOULOUSE,20260427,AT,3,,24,10,0.067567,1066,551,dd942924bf395976c7eaf9d44821cbbd,1.24.0,2026-07-29
SAUDRUNESUDTOULOUSE_20260427_0162,SAUDRUNESUDTOULOUSE_20260427_0162,1,SAUDRUNESUDTOULOUSE_20260427_0162.jpeg,Squalius cephalus,SQUCEP,forte,terrain,SAUDRUNESUDTOULOUSE,20260427,AT,3,,24,10,0.064118,5055,2662,4362a3d366179416fcf4b83b8f8c3f27,1.24.0,2026-07-29
SAUDRUNESUDTOULOUSE_20260427_0163,SAUDRUNESUDTOULOUSE_20260427_0163,1,SAUDRUNESUDTOULOUSE_20260427_0163.jpeg,Gobio gobio,GOBGOB,,AT,SAUDRUNESUDTOULOUSE,20260427,AT,3,,24,10,0.06676,1905,989,8478d278359e4ff54435244ef6f6b828,1.24.0,2026-07-29
SAUDRUNESUDTOULOUSE_20260427_0164,SAUDRUNESUDTOULOUSE_20260427_0164,1,SAUDRUNESUDTOULOUSE_20260427_0164.jpeg,Gobio gobio,GOBGOB,,AT,SAUDRUNESUDTOULOUSE,20260427,AT,3,,24,10,0.066851,1992,896,c6b628c58fdb123330d8436ec3c25571,1.24.0,2026-07-29
SAUDRUNESUDTOULOUSE_20260427_0165,SAUDRUNESUDTOULOUSE_20260427_0165,1,SAUDRUNESUDTOULOUSE_20260427_0165.jpeg,Gobio gobio,GOBGOB,,AT,SAUDRUNESUDTOULOUSE,20260427,AT,3,,24,10,0.067286,1977,819,5516877572ebd52bfb5e2f71a104f682,1.24.0,2026-07-29
SAUDRUNESUDTOULOUSE_20260427_0166,SAUDRUNESUDTOULOUSE_20260427_0166,1,SAUDRUNESUDTOULOUSE_20260427_0166.jpeg,Gobio gobio,GOBGOB,,AT,SAUDRUNESUDTOULOUSE,20260427,AT,3,,24,10,0.066575,1895,922,062b1eafbfff26426385d15333eed42d,1.24.0,2026-07-29
SAUDRUNESUDTOULOUSE_20260427_0167,SAUDRUNESUDTOULOUSE_20260427_0167,1,SAUDRUNESUDTOULOUSE_20260427_0167.jpeg,Gobio gobio,GOBGOB,,AT,SAUDRUNESUDTOULOUSE,20260427,AT,3,,24,10,0.067276,2044,1009,e2d938d67de8aefb9c5b4971973b466d,1.24.0,2026-07-29
SAUDRUNESUDTOULOUSE_20260427_0168,SAUDRUNESUDTOULOUSE_20260427_0168,1,SAUDRUNESUDTOULOUSE_20260427_0168.jpeg,Gobio gobio,GOBGOB,,AT,SAUDRUNESUDTOULOUSE,20260427,AT,3,,24,10,0.066731,1441,659,b82d6ac381f979fbf2f0d8e08622c012,1.24.0,2026-07-29
SAUDRUNESUDTOULOUSE_20260427_0169,SAUDRUNESUDTOULOUSE_20260427_0169,1,SAUDRUNESUDTOULOUSE_20260427_0169.jpeg,Gobio gobio,GOBGOB,,AT,SAUDRUNESUDTOULOUSE,20260427,AT,3,,24,10,0.067931,1889,1107,36186167059e14f78451085cb17952ea,1.24.0,2026-07-29
SAUDRUNESUDTOULOUSE_20260427_0170,SAUDRUNESUDTOULOUSE_20260427_0170,1,SAUDRUNESUDTOULOUSE_20260427_0170.jpeg,Gobio gobio,GOBGOB,,AT,SAUDRUNESUDTOULOUSE,20260427,AT,3,,24,10,0.066727,1925,875,077887ff061fae518ae612ec8122b278,1.24.0,2026-07-29
SAUDRUNESUDTOULOUSE_20260427_0171,SAUDRUNESUDTOULOUSE_20260427_0171,1,SAUDRUNESUDTOULOUSE_20260427_0171.jpeg,Gobio gobio,GOBGOB,,AT,SAUDRUNESUDTOULOUSE,20260427,AT,3,,24,10,0.066337,1828,777,503496896cf1adba1487aef647100cae,1.24.0,2026-07-29
SAUDRUNESUDTOULOUSE_20260427_0172,SAUDRUNESUDTOULOUSE_20260427_0172,1,SAUDRUNESUDTOULOUSE_20260427_0172.jpeg,Gobio gobio,GOBGOB,,AT,SAUDRUNESUDTOULOUSE,20260427,AT,3,,24,10,0.067051,2378,1354,1afe9c112123417882d527314caccdec,1.24.0,2026-07-29
SAUDRUNESUDTOULOUSE_20260427_0173,SAUDRUNESUDTOULOUSE_20260427_0173,1,SAUDRUNESUDTOULOUSE_20260427_0173.jpeg,Gobio gobio,GOBGOB,,AT,SAUDRUNESUDTOULOUSE,20260427,AT,3,,24,10,0.066401,1915,1004,e84790ec4e1644547865c95790d016e7,1.24.0,2026-07-29
SAUDRUNESUDTOULOUSE_20260427_0174,SAUDRUNESUDTOULOUSE_20260427_0174,1,SAUDRUNESUDTOULOUSE_20260427_0174.jpeg,Gobio gobio,GOBGOB,,AT,SAUDRUNESUDTOULOUSE,20260427,AT,3,,24,10,0.068827,1946,1210,d2be470a7196e46d3163f5c554914f5d,1.24.0,2026-07-29
SAUDRUNESUDTOULOUSE_20260427_0175,SAUDRUNESUDTOULOUSE_20260427_0175,1,SAUDRUNESUDTOULOUSE_20260427_0175.jpeg,Gobio gobio,GOBGOB,,AT,SAUDRUNESUDTOULOUSE,20260427,AT,3,no,24,10,0.066239847,1086,556,5daf335ac1f3c7519b9b37001bef59fe,1.32.1,2026-08-04
SAUDRUNESUDTOULOUSE_20260427_0176,SAUDRUNESUDTOULOUSE_20260427_0176,1,SAUDRUNESUDTOULOUSE_20260427_0176.jpeg,Gobio gobio,GOBGOB,,AT,SAUDRUNESUDTOULOUSE,20260427,AT,3,,24,10,0.065658,2018,1097,aa48ea1aefc187f6fa4e508933548564,1.24.0,2026-07-29
SAUDRUNESUDTOULOUSE_20260427_0177,SAUDRUNESUDTOULOUSE_20260427_0177,1,SAUDRUNESUDTOULOUSE_20260427_0177.jpeg,Gobio gobio,GOBGOB,,AT,SAUDRUNESUDTOULOUSE,20260427,AT,3,,24,10,0.067028,1740,891,3a10b02c4ffb8c274b440fbbd05846a3,1.24.0,2026-07-29
SAUDRUNESUDTOULOUSE_20260427_0178,SAUDRUNESUDTOULOUSE_20260427_0178,1,SAUDRUNESUDTOULOUSE_20260427_0178.jpeg,Gobio gobio,GOBGOB,,AT,SAUDRUNESUDTOULOUSE,20260427,AT,3,,24,10,0.066718,1611,793,b4712d7ca3ef9a1646d2d73e26f0d9e9,1.24.0,2026-07-29
SAUDRUNESUDTOULOUSE_20260427_0179,SAUDRUNESUDTOULOUSE_20260427_0179,1,SAUDRUNESUDTOULOUSE_20260427_0179.jpeg,Gobio gobio,GOBGOB,,AT,SAUDRUNESUDTOULOUSE,20260427,AT,3,,24,10,0.067113,2018,814,84aa324f1358a44910992e8f279aab1f,1.24.0,2026-07-29
SAUDRUNESUDTOULOUSE_20260427_0180,SAUDRUNESUDTOULOUSE_20260427_0180,1,SAUDRUNESUDTOULOUSE_20260427_0180.jpeg,Perca fluviatilis,PERFLU,forte,terrain,SAUDRUNESUDTOULOUSE,20260427,AT,3,,24,10,0.064042,2785,2719,57a22ade83e679b86ae560c1c293073d,1.24.0,2026-07-29
SAUDRUNESUDTOULOUSE_20260427_0181,SAUDRUNESUDTOULOUSE_20260427_0181,1,SAUDRUNESUDTOULOUSE_20260427_0181.jpeg,Gobio gobio,GOBGOB,,AT,SAUDRUNESUDTOULOUSE,20260427,AT,3,,24,10,0.06713,1663,973,f5ecb50f31db9a349d90bcf7f2f96852,1.24.0,2026-07-29
SAUDRUNESUDTOULOUSE_20260427_0182,SAUDRUNESUDTOULOUSE_20260427_0182,1,SAUDRUNESUDTOULOUSE_20260427_0182.jpeg,Gobio gobio,GOBGOB,,AT,SAUDRUNESUDTOULOUSE,20260427,AT,3,,24,10,0.066164,2136,1045,7511f9c2e0e1ea524e5a0fb4d7bd3aee,1.24.0,2026-07-29
SAUDRUNESUDTOULOUSE_20260427_0183,SAUDRUNESUDTOULOUSE_20260427_0183,1,SAUDRUNESUDTOULOUSE_20260427_0183.jpeg,Gobio gobio,GOBGOB,,AT,SAUDRUNESUDTOULOUSE,20260427,AT,3,,24,10,0.067374,1956,865,e7a673fc6ce1a2788e19583b63b7a5dc,1.24.0,2026-07-29
SAUDRUNESUDTOULOUSE_20260427_0184,SAUDRUNESUDTOULOUSE_20260427_0184,1,SAUDRUNESUDTOULOUSE_20260427_0184.jpeg,Barbatula barbatula,BARBABAR,forte,terrain,SAUDRUNESUDTOULOUSE,20260427,AT,3,,24,10,0.063933,1663,1117,13bb02e8ecb8acc36030eb10cd74dea3,1.18.1,2026-07-28
SAUDRUNESUDTOULOUSE_20260427_0185,SAUDRUNESUDTOULOUSE_20260427_0185,1,SAUDRUNESUDTOULOUSE_20260427_0185.jpeg,Gobio gobio,GOBGOB,,AT,SAUDRUNESUDTOULOUSE,20260427,AT,3,,24,10,0.067275,1555,747,42104c14b12edd31c974f396fcfb6459,1.24.0,2026-07-29
SAUDRUNESUDTOULOUSE_20260427_0186,SAUDRUNESUDTOULOUSE_20260427_0186,1,SAUDRUNESUDTOULOUSE_20260427_0186.jpeg,Gobio gobio,GOBGOB,,AT,SAUDRUNESUDTOULOUSE,20260427,AT,3,,24,10,0.064981,1884,994,3e612470e97dfd3016a69f2c23f3ff23,1.24.0,2026-07-29
SAUDRUNESUDTOULOUSE_20260427_0187,SAUDRUNESUDTOULOUSE_20260427_0187,1,SAUDRUNESUDTOULOUSE_20260427_0187.jpeg,Gobio gobio,GOBGOB,,AT,SAUDRUNESUDTOULOUSE,20260427,AT,3,,24,10,0.065264,1833,1102,851b33d8311183b5eae31468561a3b6c,1.24.0,2026-07-29
SAUDRUNESUDTOULOUSE_20260427_0188,SAUDRUNESUDTOULOUSE_20260427_0188,1,SAUDRUNESUDTOULOUSE_20260427_0188.jpeg,Gobio gobio,GOBGOB,,AT,SAUDRUNESUDTOULOUSE,20260427,AT,3,,24,10,0.066324,2003,947,8305cb859d76ac634b2085276b0e5ca7,1.24.0,2026-07-29
SAUDRUNESUDTOULOUSE_20260427_0189,SAUDRUNESUDTOULOUSE_20260427_0189,1,SAUDRUNESUDTOULOUSE_20260427_0189.jpeg,Gobio gobio,GOBGOB,,AT,SAUDRUNESUDTOULOUSE,20260427,AT,3,,24,10,0.06614,1694,860,09ba73c09995ea33a60b1478cbb2d0a4,1.24.0,2026-07-29
SAUDRUNESUDTOULOUSE_20260427_0190,SAUDRUNESUDTOULOUSE_20260427_0190,1,SAUDRUNESUDTOULOUSE_20260427_0190.jpeg,Gobio gobio,GOBGOB,,AT,SAUDRUNESUDTOULOUSE,20260427,AT,3,,24,10,0.065908,2332,1117,2af09b0fb0bed78287f801ee2f6e9a58,1.24.0,2026-07-29
SAUDRUNESUDTOULOUSE_20260427_0191,SAUDRUNESUDTOULOUSE_20260427_0191,1,SAUDRUNESUDTOULOUSE_20260427_0191.jpeg,Gobio gobio,GOBGOB,,AT,SAUDRUNESUDTOULOUSE,20260427,AT,3,,24,10,0.06361,1961,1107,c07f40e14b8aaedf2272225d6b98a0a1,1.24.0,2026-07-29
SAUDRUNESUDTOULOUSE_20260427_0192,SAUDRUNESUDTOULOUSE_20260427_0192,1,SAUDRUNESUDTOULOUSE_20260427_0192.jpeg,Gobio gobio,GOBGOB,,AT,SAUDRUNESUDTOULOUSE,20260427,AT,3,,24,10,0.064335,1416,762,9ba1f6aa5a535d63aba8ece228014d8f,1.24.0,2026-07-29
SAUDRUNESUDTOULOUSE_20260427_0193,SAUDRUNESUDTOULOUSE_20260427_0193,1,SAUDRUNESUDTOULOUSE_20260427_0193.jpeg,Gobio gobio,GOBGOB,,AT,SAUDRUNESUDTOULOUSE,20260427,AT,3,,24,10,0.066045,1843,1009,b34eb57fcab35afa62f96b0e2d414cdb,1.24.0,2026-07-29
SAUDRUNESUDTOULOUSE_20260427_0194,SAUDRUNESUDTOULOUSE_20260427_0194,1,SAUDRUNESUDTOULOUSE_20260427_0194.jpeg,Gobio gobio,GOBGOB,,AT,SAUDRUNESUDTOULOUSE,20260427,AT,3,,24,10,0.065022,1678,788,5f4506dc97c3f5ccc09adf5d30a3aad8,1.24.0,2026-07-29
SAUDRUNESUDTOULOUSE_20260427_0195,SAUDRUNESUDTOULOUSE_20260427_0195,1,SAUDRUNESUDTOULOUSE_20260427_0195.jpeg,Barbatula barbatula,BARBABAR,forte,terrain,SAUDRUNESUDTOULOUSE,20260427,AT,3,,24,10,0.065947,1478,798,1935afca0c267c0336e8fa1a82bfc983,1.18.1,2026-07-28
SAUDRUNESUDTOULOUSE_20260427_0196,SAUDRUNESUDTOULOUSE_20260427_0196,1,SAUDRUNESUDTOULOUSE_20260427_0196.jpeg,Gobio gobio,GOBGOB,,AT,SAUDRUNESUDTOULOUSE,20260427,AT,3,,24,10,0.063356,2070,1313,658421ae5b300353e9c49f2e945943ad,1.24.0,2026-07-29
SAUDRUNESUDTOULOUSE_20260427_0197,SAUDRUNESUDTOULOUSE_20260427_0197,1,SAUDRUNESUDTOULOUSE_20260427_0197.jpeg,Gobio gobio,GOBGOB,,AT,SAUDRUNESUDTOULOUSE,20260427,AT,3,,24,10,0.064931,1560,1004,0e62f25e5339f9dcac840ef7fd77ae64,1.24.0,2026-07-29
SAUDRUNESUDTOULOUSE_20260427_0198,SAUDRUNESUDTOULOUSE_20260427_0198,1,SAUDRUNESUDTOULOUSE_20260427_0198.jpeg,Perca fluviatilis,PERFLU,forte,terrain,SAUDRUNESUDTOULOUSE,20260427,AT,3,,24,10,0.069865,2492,2858,69e94c88b752f228f98783b39775bd0e,1.24.0,2026-07-29
SAUDRUNESUDTOULOUSE_20260427_0199,SAUDRUNESUDTOULOUSE_20260427_0199,1,SAUDRUNESUDTOULOUSE_20260427_0199.jpeg,Gobio gobio,GOBGOB,,AT,SAUDRUNESUDTOULOUSE,20260427,AT,3,,24,10,0.063035,1915,989,4fb41526022ee20c0b74ee1875f406af,1.24.0,2026-07-29
SAUDRUNESUDTOULOUSE_20260427_0200,SAUDRUNESUDTOULOUSE_20260427_0200,1,SAUDRUNESUDTOULOUSE_20260427_0200.jpeg,Gobio gobio,GOBGOB,,AT,SAUDRUNESUDTOULOUSE,20260427,AT,3,,24,10,0.065501,1848,803,86126adc74d43916a6a791378778d77b,1.24.0,2026-07-29
SAUDRUNESUDTOULOUSE_20260427_0201,SAUDRUNESUDTOULOUSE_20260427_0201,1,SAUDRUNESUDTOULOUSE_20260427_0201.jpeg,Gobio gobio,GOBGOB,,AT,SAUDRUNESUDTOULOUSE,20260427,AT,3,,24,10,0.063988,1797,983,1b487387ed0e796e9224a71ec25e2ed7,1.24.0,2026-07-29
SAUDRUNESUDTOULOUSE_20260427_0202,SAUDRUNESUDTOULOUSE_20260427_0202,1,SAUDRUNESUDTOULOUSE_20260427_0202.jpeg,Gobio gobio,GOBGOB,,AT,SAUDRUNESUDTOULOUSE,20260427,AT,3,,24,10,0.065418,1699,793,ee05248e80f1d4ea1221a289747a4a6f,1.24.0,2026-07-29
SAUDRUNESUDTOULOUSE_20260427_0203,SAUDRUNESUDTOULOUSE_20260427_0203,1,SAUDRUNESUDTOULOUSE_20260427_0203.jpeg,Gobio gobio,GOBGOB,,AT,SAUDRUNESUDTOULOUSE,20260427,AT,3,,24,10,0.06596,1462,999,92b8a37c5c646477877504389e4bbc20,1.24.0,2026-07-29
SAUDRUNESUDTOULOUSE_20260427_0204,SAUDRUNESUDTOULOUSE_20260427_0204,1,SAUDRUNESUDTOULOUSE_20260427_0204.jpeg,Barbatula barbatula,BARBABAR,forte,terrain,SAUDRUNESUDTOULOUSE,20260427,AT,3,,24,10,0.063755,1653,819,14f5f8bca039101605d9b79375d02d72,1.18.1,2026-07-28
SAUDRUNESUDTOULOUSE_20260427_0205,SAUDRUNESUDTOULOUSE_20260427_0205,1,SAUDRUNESUDTOULOUSE_20260427_0205.jpeg,Gobio gobio,GOBGOB,,AT,SAUDRUNESUDTOULOUSE,20260427,AT,3,,24,10,0.063053,2080,1143,cce472937e7c2c8fa05fe433ae1d8dc7,1.24.0,2026-07-29
SAUDRUNESUDTOULOUSE_20260427_0206,SAUDRUNESUDTOULOUSE_20260427_0206,1,SAUDRUNESUDTOULOUSE_20260427_0206.jpeg,Gobio gobio,GOBGOB,,AT,SAUDRUNESUDTOULOUSE,20260427,AT,3,,24,10,0.065362,1704,906,98136f6a23e37863c1075b3576f00a1b,1.24.0,2026-07-29
SAUDRUNESUDTOULOUSE_20260427_0207,SAUDRUNESUDTOULOUSE_20260427_0207,1,SAUDRUNESUDTOULOUSE_20260427_0207.jpeg,Gobio gobio,GOBGOB,,AT,SAUDRUNESUDTOULOUSE,20260427,AT,3,,24,10,0.065038,1483,803,c365c1d8914624a756a16bf1a9176859,1.24.0,2026-07-29
SAUDRUNESUDTOULOUSE_20260427_0208,SAUDRUNESUDTOULOUSE_20260427_0208,1,SAUDRUNESUDTOULOUSE_20260427_0208.jpeg,Gobio gobio,GOBGOB,,AT,SAUDRUNESUDTOULOUSE,20260427,AT,3,,24,10,0.065038,1508,803,57c6de3adc8c81b37fc7c4d60f629a0d,1.24.0,2026-07-29
SAUDRUNESUDTOULOUSE_20260427_0209,SAUDRUNESUDTOULOUSE_20260427_0209,1,SAUDRUNESUDTOULOUSE_20260427_0209.jpeg,Squalius cephalus,SQUCEP,,AT,SAUDRUNESUDTOULOUSE,20260427,AT,3,,24,10,0.062362,2420,1241,6577abaef24e978b1a99f83c4e27b8f3,1.24.0,2026-07-29
SAUDRUNESUDTOULOUSE_20260427_0210,SAUDRUNESUDTOULOUSE_20260427_0210,1,SAUDRUNESUDTOULOUSE_20260427_0210.jpeg,Gobio gobio,GOBGOB,,AT,SAUDRUNESUDTOULOUSE,20260427,AT,3,no,24,10,0.064559385,1601,927,d9339d6ffb2f835fee7c79de35e79722,1.32.1,2026-08-04
SAUDRUNESUDTOULOUSE_20260427_0211,SAUDRUNESUDTOULOUSE_20260427_0211,1,SAUDRUNESUDTOULOUSE_20260427_0211.jpeg,Gobio gobio,GOBGOB,,AT,SAUDRUNESUDTOULOUSE,20260427,AT,3,no,24,10,0.064756056,1586,824,b0ca6e95a78637bc41454b4081892701,1.32.1,2026-08-04
SAUDRUNESUDTOULOUSE_20260427_0212,SAUDRUNESUDTOULOUSE_20260427_0212,1,SAUDRUNESUDTOULOUSE_20260427_0212.jpeg,Gobio gobio,GOBGOB,,AT,SAUDRUNESUDTOULOUSE,20260427,AT,3,,24,10,0.064783,2193,983,4e5d60787f546a10e8843468683caa6d,1.24.0,2026-07-29
SAUDRUNESUDTOULOUSE_20260427_0213,SAUDRUNESUDTOULOUSE_20260427_0213,1,SAUDRUNESUDTOULOUSE_20260427_0213.jpeg,Barbatula barbatula,BARBABAR,forte,terrain,SAUDRUNESUDTOULOUSE,20260427,AT,3,no,24,10,0.066367425,1529,824,8d47b83bd55630b6b2544cef30955e82,1.32.1,2026-08-04
SAUDRUNESUDTOULOUSE_20260427_0214,SAUDRUNESUDTOULOUSE_20260427_0214,1,SAUDRUNESUDTOULOUSE_20260427_0214.jpeg,Gobio gobio,GOBGOB,,AT,SAUDRUNESUDTOULOUSE,20260427,AT,3,,24,10,0.065895,1133,659,8329a45aa5563c20512de770a1fd3ae1,1.24.0,2026-07-29
SAUDRUNESUDTOULOUSE_20260427_0215,SAUDRUNESUDTOULOUSE_20260427_0215,1,SAUDRUNESUDTOULOUSE_20260427_0215.jpeg,Gobio gobio,GOBGOB,,AT,SAUDRUNESUDTOULOUSE,20260427,AT,3,,24,10,0.06609,1591,767,20c0e5eb18431d0f12476873363d276d,1.24.0,2026-07-29
SAUDRUNESUDTOULOUSE_20260427_0216,SAUDRUNESUDTOULOUSE_20260427_0216,1,SAUDRUNESUDTOULOUSE_20260427_0216.jpeg,Squalius cephalus,SQUCEP,forte,terrain,SAUDRUNESUDTOULOUSE,20260427,AT,3,,24,10,0.063909,1740,1014,b2029489abe0323dfac28dc4bfa09cbe,1.24.0,2026-07-29
SAUDRUNESUDTOULOUSE_20260427_0217,SAUDRUNESUDTOULOUSE_20260427_0217,1,SAUDRUNESUDTOULOUSE_20260427_0217.jpeg,Squalius cephalus,SQUCEP,forte,terrain,SAUDRUNESUDTOULOUSE,20260427,AT,3,,24,10,0.060736,3552,1720,9ee44a6a381ada9444ea4d8fb0da2952,1.24.0,2026-07-29
SAUDRUNESUDTOULOUSE_20260427_0218,SAUDRUNESUDTOULOUSE_20260427_0218,1,SAUDRUNESUDTOULOUSE_20260427_0218.jpeg,Gobio gobio,GOBGOB,,AT,SAUDRUNESUDTOULOUSE,20260427,AT,3,,24,10,0.063963,2219,901,e6aa53192c1942e3e965bd642e5d9ab8,1.24.0,2026-07-29
SAUDRUNESUDTOULOUSE_20260427_0219,SAUDRUNESUDTOULOUSE_20260427_0219,1,SAUDRUNESUDTOULOUSE_20260427_0219.jpeg,Gobio gobio,GOBGOB,,AT,SAUDRUNESUDTOULOUSE,20260427,AT,3,,24,10,0.06475,2152,953,bb227131f916f8f86232eb8416136c7b,1.24.0,2026-07-29
SAUDRUNESUDTOULOUSE_20260427_0220,SAUDRUNESUDTOULOUSE_20260427_0220,1,SAUDRUNESUDTOULOUSE_20260427_0220.jpeg,Squalius cephalus,SQUCEP,moyenne,terrain,SAUDRUNESUDTOULOUSE,20260427,AT,3,,24,10,0.063876,2111,1231,508fe04fa5afbe2e2501b0e2847972af,1.24.0,2026-07-29
SAUDRUNESUDTOULOUSE_20260427_0221,SAUDRUNESUDTOULOUSE_20260427_0221,1,SAUDRUNESUDTOULOUSE_20260427_0221.jpeg,Gobio gobio,GOBGOB,,AT,SAUDRUNESUDTOULOUSE,20260427,AT,3,,24,10,0.06532,1519,983,b0bdc41476e413f9855314cf9d2c286e,1.24.0,2026-07-29
SAUDRUNESUDTOULOUSE_20260427_0222,SAUDRUNESUDTOULOUSE_20260427_0222,1,SAUDRUNESUDTOULOUSE_20260427_0222.jpeg,Squalius cephalus,SQUCEP,forte,terrain,SAUDRUNESUDTOULOUSE,20260427,AT,3,,24,10,0.066218,1817,705,3cb89ca958ea6c96a6a146f7b9fee028,1.24.0,2026-07-29
SAUDRUNESUDTOULOUSE_20260427_0223,SAUDRUNESUDTOULOUSE_20260427_0223,1,SAUDRUNESUDTOULOUSE_20260427_0223.jpeg,Squalius cephalus,SQUCEP,forte,terrain,SAUDRUNESUDTOULOUSE,20260427,AT,3,,24,10,0.063892,1946,896,63f731fe233f12257cc7b001cfe91894,1.24.0,2026-07-29
SAUDRUNESUDTOULOUSE_20260427_0224,SAUDRUNESUDTOULOUSE_20260427_0224,1,SAUDRUNESUDTOULOUSE_20260427_0224.jpeg,Squalius cephalus,SQUCEP,moyenne,terrain,SAUDRUNESUDTOULOUSE,20260427,AT,3,no,24,10,0.065326863,2270,1339,d7000d73b4377579ae5e5d6d13f65d72,1.34.0,2026-09-04
SAUDRUNESUDTOULOUSE_20260427_0225_i1,SAUDRUNESUDTOULOUSE_20260427_0225,1,SAUDRUNESUDTOULOUSE_20260427_0225.jpeg,Barbatula barbatula,BARBABAR,forte,terrain,SAUDRUNESUDTOULOUSE,20260427,AT,3,,24,10,0.064026,1807,2317,42c6a72c2c3479a0caf95b616e634e01,1.24.0,2026-07-29
SAUDRUNESUDTOULOUSE_20260427_0225_i2,SAUDRUNESUDTOULOUSE_20260427_0225,2,SAUDRUNESUDTOULOUSE_20260427_0225.jpeg,Barbatula barbatula,BARBABAR,forte,terrain,SAUDRUNESUDTOULOUSE,20260427,AT,3,,24,10,0.06428,1807,2317,42c6a72c2c3479a0caf95b616e634e01,1.24.0,2026-07-29
SAUDRUNESUDTOULOUSE_20260427_0225_i3,SAUDRUNESUDTOULOUSE_20260427_0225,3,SAUDRUNESUDTOULOUSE_20260427_0225.jpeg,Barbatula barbatula,BARBABAR,forte,terrain,SAUDRUNESUDTOULOUSE,20260427,AT,3,,24,10,0.06428,1807,2317,42c6a72c2c3479a0caf95b616e634e01,1.24.0,2026-07-29
SAUDRUNESUDTOULOUSE_20260427_0225_i4,SAUDRUNESUDTOULOUSE_20260427_0225,4,SAUDRUNESUDTOULOUSE_20260427_0225.jpeg,Barbatula barbatula,BARBABAR,forte,terrain,SAUDRUNESUDTOULOUSE,20260427,AT,3,,24,10,0.06428,1807,2317,42c6a72c2c3479a0caf95b616e634e01,1.24.0,2026-07-29
SAUDRUNESUDTOULOUSE_20260427_0226,SAUDRUNESUDTOULOUSE_20260427_0226,1,SAUDRUNESUDTOULOUSE_20260427_0226.jpeg,Barbatula barbatula,BARBABAR,forte,terrain,SAUDRUNESUDTOULOUSE,20260427,AT,3,,24,10,0.065689,1967,1298,fde243ec26499fea92a3322ca8dcaf4e,1.19.0,2026-07-28
SAUDRUNESUDTOULOUSE_20260427_0227,SAUDRUNESUDTOULOUSE_20260427_0227,1,SAUDRUNESUDTOULOUSE_20260427_0227.jpeg,Barbatula barbatula,BARBABAR,forte,terrain,SAUDRUNESUDTOULOUSE,20260427,AT,3,,24,10,0.065578,1411,736,0f05430b9fb3b3ce1bf38cd664a03bb1,1.19.0,2026-07-28
SAUDRUNESUDTOULOUSE_20260427_0228,SAUDRUNESUDTOULOUSE_20260427_0228,1,SAUDRUNESUDTOULOUSE_20260427_0228.jpeg,Squalius cephalus,SQUCEP,forte,terrain,SAUDRUNESUDTOULOUSE,20260427,AT,3,,24,10,0.068226,3753,1900,9f24ee2d8283bff5a1671bc9a9ed7434,1.24.0,2026-07-29
SAUDRUNESUDTOULOUSE_20260427_0229,SAUDRUNESUDTOULOUSE_20260427_0229,1,SAUDRUNESUDTOULOUSE_20260427_0229.jpeg,Squalius cephalus,SQUCEP,forte,terrain,SAUDRUNESUDTOULOUSE,20260427,AT,3,,24,10,0.066624,1508,808,6362eda437bcde0f7eb1740361aa42fa,1.24.0,2026-07-29
SAUDRUNESUDTOULOUSE_20260427_0230,SAUDRUNESUDTOULOUSE_20260427_0230,1,SAUDRUNESUDTOULOUSE_20260427_0230.jpeg,Squalius cephalus,SQUCEP,moyenne,terrain,SAUDRUNESUDTOULOUSE,20260427,AT,3,,24,10,0.065951,3099,1364,3bf979bead90effa5b4da72d67bdae45,1.24.0,2026-07-29
SAUDRUNESUDTOULOUSE_20260427_0231,SAUDRUNESUDTOULOUSE_20260427_0231,1,SAUDRUNESUDTOULOUSE_20260427_0231.jpeg,Squalius cephalus,SQUCEP,forte,terrain,SAUDRUNESUDTOULOUSE,20260427,AT,3,,24,10,0.066611,3238,1642,ace032b1571de9196e01e2d24b22fc70,1.24.0,2026-07-29
SAUDRUNESUDTOULOUSE_20260427_0232,SAUDRUNESUDTOULOUSE_20260427_0232,1,SAUDRUNESUDTOULOUSE_20260427_0232.jpeg,Squalius cephalus,SQUCEP,forte,terrain,SAUDRUNESUDTOULOUSE,20260427,AT,3,,24,10,0.065974,2348,1205,0b0a32ac1183f3b43442c6a5b276f3d7,1.24.0,2026-07-29
SAUDRUNESUDTOULOUSE_20260427_0233,SAUDRUNESUDTOULOUSE_20260427_0233,1,SAUDRUNESUDTOULOUSE_20260427_0233.jpeg,Perca fluviatilis,PERFLU,forte,terrain,SAUDRUNESUDTOULOUSE,20260427,AT,3,,24,10,0.065876,2214,1318,b169ed94118431ccd561adda48545bf3,1.24.0,2026-07-29
SAUDRUNESUDTOULOUSE_20260427_0234,SAUDRUNESUDTOULOUSE_20260427_0234,1,SAUDRUNESUDTOULOUSE_20260427_0234.jpeg,Squalius cephalus,SQUCEP,forte,terrain,SAUDRUNESUDTOULOUSE,20260427,AT,3,,24,10,0.069146,1637,937,77641567bea770ba44584c63cb3dd5b9,1.24.0,2026-07-29
SAUDRUNESUDTOULOUSE_20260427_0235,SAUDRUNESUDTOULOUSE_20260427_0235,1,SAUDRUNESUDTOULOUSE_20260427_0235.jpeg,Gobio gobio,GOBGOB,,AT,SAUDRUNESUDTOULOUSE,20260427,AT,3,,24,10,0.069324,1210,788,04c393f4a3511b7d033445c3219d1881,1.24.0,2026-07-29
SAUDRUNESUDTOULOUSE_20260427_0236,SAUDRUNESUDTOULOUSE_20260427_0236,1,SAUDRUNESUDTOULOUSE_20260427_0236.jpeg,Squalius cephalus,SQUCEP,moyenne,terrain,SAUDRUNESUDTOULOUSE,20260427,AT,3,,24,10,0.071606,3465,1349,1f1fb930322a415fe6f5fcf2fa98d323,1.24.0,2026-07-29
SAUDRUNESUDTOULOUSE_20260427_0237,SAUDRUNESUDTOULOUSE_20260427_0237,1,SAUDRUNESUDTOULOUSE_20260427_0237.jpeg,Squalius cephalus,SQUCEP,,AT,SAUDRUNESUDTOULOUSE,20260427,AT,3,no,24,10,0.068314113,1050,731,ecab02d4775df29da857d2405045a497,1.32.1,2026-08-04
SAUDRUNESUDTOULOUSE_20260427_0238,SAUDRUNESUDTOULOUSE_20260427_0238,1,SAUDRUNESUDTOULOUSE_20260427_0238.jpeg,Squalius cephalus,SQUCEP,,AT,SAUDRUNESUDTOULOUSE,20260427,AT,3,,24,10,0.068403,875,458,b9cd5ef6b783969331cd49bbddbdf84e,1.24.0,2026-07-29
SAUDRUNESUDTOULOUSE_20260427_0239,SAUDRUNESUDTOULOUSE_20260427_0239,1,SAUDRUNESUDTOULOUSE_20260427_0239.jpeg,Squalius cephalus,SQUCEP,moyenne,terrain,SAUDRUNESUDTOULOUSE,20260427,AT,3,no,24,10,0.066368325,1544,824,219077ac8b5584061630a8f10a89f1dc,1.34.0,2026-09-04
SAUDRUNESUDTOULOUSE_20260427_0240,SAUDRUNESUDTOULOUSE_20260427_0240,1,SAUDRUNESUDTOULOUSE_20260427_0240.jpeg,Squalius cephalus,SQUCEP,moyenne,terrain,SAUDRUNESUDTOULOUSE,20260427,AT,3,,24,10,0.065627,1575,716,ef6a8a5f251c0045b0585289df0c18a4,1.24.0,2026-07-29
SAUDRUNESUDTOULOUSE_20260427_0241,SAUDRUNESUDTOULOUSE_20260427_0241,1,SAUDRUNESUDTOULOUSE_20260427_0241.jpeg,Squalius cephalus,SQUCEP,,AT,SAUDRUNESUDTOULOUSE,20260427,AT,3,,24,10,0.066923,1076,484,9575205f971f65607eb9fa25b2fd8f5d,1.24.0,2026-07-29
SAUDRUNESUDTOULOUSE_20260427_0242,SAUDRUNESUDTOULOUSE_20260427_0242,1,SAUDRUNESUDTOULOUSE_20260427_0242.jpeg,Squalius cephalus,SQUCEP,,AT,SAUDRUNESUDTOULOUSE,20260427,AT,3,,24,10,0.065909,1076,525,657f29629074314546112a2d7c759667,1.24.0,2026-07-29
SAUDRUNESUDTOULOUSE_20260427_0243,SAUDRUNESUDTOULOUSE_20260427_0243,1,SAUDRUNESUDTOULOUSE_20260427_0243.jpeg,Squalius cephalus,SQUCEP,,AT,SAUDRUNESUDTOULOUSE,20260427,AT,3,,24,10,0.06531,865,520,71e056635289aaa6b639f14189875a1a,1.24.0,2026-07-29
SAUDRUNESUDTOULOUSE_20260427_0244,SAUDRUNESUDTOULOUSE_20260427_0244,1,SAUDRUNESUDTOULOUSE_20260427_0244.jpeg,Squalius cephalus,SQUCEP,,AT,SAUDRUNESUDTOULOUSE,20260427,AT,3,,24,10,0.065023,1024,530,8500f45adc3ed12aa451cdc78ef69135,1.24.0,2026-07-29
SAUDRUNESUDTOULOUSE_20260427_0245,SAUDRUNESUDTOULOUSE_20260427_0245,1,SAUDRUNESUDTOULOUSE_20260427_0245.jpeg,Squalius cephalus,SQUCEP,moyenne,terrain,SAUDRUNESUDTOULOUSE,20260427,AT,3,no,24,10,0.067336487,1277,618,1946991afff424c3fd6790512353e649,1.34.0,2026-09-04
SAUDRUNESUDTOULOUSE_20260427_0246,SAUDRUNESUDTOULOUSE_20260427_0246,1,SAUDRUNESUDTOULOUSE_20260427_0246.jpeg,Squalius cephalus,SQUCEP,moyenne,terrain,SAUDRUNESUDTOULOUSE,20260427,AT,3,,24,10,0.066594,1030,700,9472f150457d9a89bd66ba4ea3ad677f,1.24.0,2026-07-29
SAUDRUNESUDTOULOUSE_20260427_0247_i1,SAUDRUNESUDTOULOUSE_20260427_0247,1,SAUDRUNESUDTOULOUSE_20260427_0247.jpeg,Gobio gobio,GOBGOB,,AT,SAUDRUNESUDTOULOUSE,20260427,AT,3,,24,10,0.092689,1874,2598,db2adba9f6205daead03e8dce431dad9,1.24.0,2026-07-29
SAUDRUNESUDTOULOUSE_20260427_0247_i2,SAUDRUNESUDTOULOUSE_20260427_0247,2,SAUDRUNESUDTOULOUSE_20260427_0247.jpeg,Gobio gobio,GOBGOB,,AT,SAUDRUNESUDTOULOUSE,20260427,AT,3,,24,10,0.092689,1874,2598,db2adba9f6205daead03e8dce431dad9,1.24.0,2026-07-29
SAUDRUNESUDTOULOUSE_20260427_0247_i3,SAUDRUNESUDTOULOUSE_20260427_0247,3,SAUDRUNESUDTOULOUSE_20260427_0247.jpeg,Gobio gobio,GOBGOB,,AT,SAUDRUNESUDTOULOUSE,20260427,AT,3,,24,10,0.092689,1874,2598,db2adba9f6205daead03e8dce431dad9,1.24.0,2026-07-29
SAUDRUNESUDTOULOUSE_20260427_0247_i4,SAUDRUNESUDTOULOUSE_20260427_0247,4,SAUDRUNESUDTOULOUSE_20260427_0247.jpeg,Gobio gobio,GOBGOB,,AT,SAUDRUNESUDTOULOUSE,20260427,AT,3,,24,10,0.092689,1874,2598,db2adba9f6205daead03e8dce431dad9,1.24.0,2026-07-29
SAUDRUNESUDTOULOUSE_20260427_0247_i5,SAUDRUNESUDTOULOUSE_20260427_0247,5,SAUDRUNESUDTOULOUSE_20260427_0247.jpeg,Gobio gobio,GOBGOB,,AT,SAUDRUNESUDTOULOUSE,20260427,AT,3,,24,10,0.092689,1874,2598,db2adba9f6205daead03e8dce431dad9,1.24.0,2026-07-29
SAUDRUNESUDTOULOUSE_20260427_0248_i1,SAUDRUNESUDTOULOUSE_20260427_0248,1,SAUDRUNESUDTOULOUSE_20260427_0248.jpeg,Gobio gobio,GOBGOB,,AT,SAUDRUNESUDTOULOUSE,20260427,AT,3,,24,10,0.093604,1977,1411,342ab8fb5f8a15fda34759e71f93da1c,1.24.0,2026-07-29
SAUDRUNESUDTOULOUSE_20260427_0248_i2,SAUDRUNESUDTOULOUSE_20260427_0248,2,SAUDRUNESUDTOULOUSE_20260427_0248.jpeg,Gobio gobio,GOBGOB,,AT,SAUDRUNESUDTOULOUSE,20260427,AT,3,,24,10,0.093604,1977,1411,342ab8fb5f8a15fda34759e71f93da1c,1.24.0,2026-07-29
SAUDRUNESUDTOULOUSE_20260427_0249,SAUDRUNESUDTOULOUSE_20260427_0249,1,SAUDRUNESUDTOULOUSE_20260427_0249.jpeg,Gobio gobio,GOBGOB,,AT,SAUDRUNESUDTOULOUSE,20260427,AT,3,,24,10,0.044231,2883,975,07f998507c4fd51c3e897d531e39d6f2,1.24.0,2026-07-29
SAUDRUNESUDTOULOUSE_20260427_0250_i1,SAUDRUNESUDTOULOUSE_20260427_0250,1,SAUDRUNESUDTOULOUSE_20260427_0250.jpeg,Gobio gobio,GOBGOB,,AT,SAUDRUNESUDTOULOUSE,20260427,AT,3,,24,10,0.045774,2807,2245,3c1076db00144a696476b95ecb7d819f,1.24.0,2026-07-29
SAUDRUNESUDTOULOUSE_20260427_0250_i2,SAUDRUNESUDTOULOUSE_20260427_0250,2,SAUDRUNESUDTOULOUSE_20260427_0250.jpeg,Gobio gobio,GOBGOB,,AT,SAUDRUNESUDTOULOUSE,20260427,AT,3,,24,10,0.045774,2807,2245,3c1076db00144a696476b95ecb7d819f,1.24.0,2026-07-29
SAUDRUNESUDTOULOUSE_20260427_0250_i3,SAUDRUNESUDTOULOUSE_20260427_0250,3,SAUDRUNESUDTOULOUSE_20260427_0250.jpeg,Gobio gobio,GOBGOB,,AT,SAUDRUNESUDTOULOUSE,20260427,AT,3,,24,10,0.045774,2807,2245,3c1076db00144a696476b95ecb7d819f,1.24.0,2026-07-29
SAUDRUNESUDTOULOUSE_20260427_0250_i4,SAUDRUNESUDTOULOUSE_20260427_0250,4,SAUDRUNESUDTOULOUSE_20260427_0250.jpeg,Gobio gobio,GOBGOB,,AT,SAUDRUNESUDTOULOUSE,20260427,AT,3,,22,10,,2807,2245,3c1076db00144a696476b95ecb7d819f,1.24.0,2026-07-29
SAUDRUNESUDTOULOUSE_20260427_0251,SAUDRUNESUDTOULOUSE_20260427_0251,1,SAUDRUNESUDTOULOUSE_20260427_0251.jpeg,Squalius cephalus,SQUCEP,forte,terrain,SAUDRUNESUDTOULOUSE,20260427,AT,3,,24,10,0.05506,3429,1593,a8d9eb49f55bfe778bc0c72e37ed5cdb,1.24.0,2026-07-29
SAUDRUNESUDTOULOUSE_20260427_0252,SAUDRUNESUDTOULOUSE_20260427_0252,1,SAUDRUNESUDTOULOUSE_20260427_0252.jpeg,Squalius cephalus,SQUCEP,forte,terrain,SAUDRUNESUDTOULOUSE,20260427,AT,3,,24,10,0.123815,2619,992,ed9c3467832e6da772c480c3d9c1b8af,1.24.0,2026-07-29
SAUDRUNESUDTOULOUSE_20260427_0253,SAUDRUNESUDTOULOUSE_20260427_0253,1,SAUDRUNESUDTOULOUSE_20260427_0253.jpeg,Squalius cephalus,SQUCEP,forte,terrain,SAUDRUNESUDTOULOUSE,20260427,AT,3,,24,10,0.062519,4772,2111,c4d369e46fc878ca8493c95885223cb9,1.24.0,2026-07-29
SAUDRUNESUDTOULOUSE_20260427_0254,SAUDRUNESUDTOULOUSE_20260427_0254,1,SAUDRUNESUDTOULOUSE_20260427_0254.jpeg,Squalius cephalus,SQUCEP,moyenne,terrain,SAUDRUNESUDTOULOUSE,20260427,AT,3,,24,10,0.048288,2234,1208,36854206aa59e5760e3f7838ad361412,1.24.0,2026-07-29
SAUDRUNESUDTOULOUSE_20260427_0255,SAUDRUNESUDTOULOUSE_20260427_0255,1,SAUDRUNESUDTOULOUSE_20260427_0255.jpeg,Squalius cephalus,SQUCEP,moyenne,terrain,SAUDRUNESUDTOULOUSE,20260427,AT,3,,24,10,0.048758,2255,1280,17d5a480fe18403b2f75191ae147c012,1.24.0,2026-07-29
SAUDRUNESUDTOULOUSE_20260427_0256_i1,SAUDRUNESUDTOULOUSE_20260427_0256,1,SAUDRUNESUDTOULOUSE_20260427_0256.jpeg,Squalius cephalus,SQUCEP,forte,terrain,SAUDRUNESUDTOULOUSE,20260427,AT,3,,24,10,0.067483,3065,2255,0e0f9b4cb3d6a5b5184605a6fd898cfe,1.24.0,2026-07-29
SAUDRUNESUDTOULOUSE_20260427_0256_i2,SAUDRUNESUDTOULOUSE_20260427_0256,2,SAUDRUNESUDTOULOUSE_20260427_0256.jpeg,Squalius cephalus,SQUCEP,forte,terrain,SAUDRUNESUDTOULOUSE,20260427,AT,3,,24,10,0.067483,3065,2255,0e0f9b4cb3d6a5b5184605a6fd898cfe,1.24.0,2026-07-29
SAUDRUNESUDTOULOUSE_20260427_0257,SAUDRUNESUDTOULOUSE_20260427_0257,1,SAUDRUNESUDTOULOUSE_20260427_0257.jpeg,Perca fluviatilis,PERFLU,forte,terrain,SAUDRUNESUDTOULOUSE,20260427,AT,3,,24,10,0.044852,2749,1696,71cb2610fbba07c8072128f927ac5152,1.24.0,2026-07-29
SAUDRUNESUDTOULOUSE_20260427_0258,SAUDRUNESUDTOULOUSE_20260427_0258,1,SAUDRUNESUDTOULOUSE_20260427_0258.jpeg,Barbatula barbatula,BARBABAR,forte,terrain,SAUDRUNESUDTOULOUSE,20260427,AT,3,,24,10,0.044694,2015,1864,f23ad4cac78949203000343d801c34a0,1.19.0,2026-07-28
SAUDRUNESUDTOULOUSE_20260427_0259,SAUDRUNESUDTOULOUSE_20260427_0259,1,SAUDRUNESUDTOULOUSE_20260427_0259.jpeg,Squalius cephalus,SQUCEP,moyenne,terrain,SAUDRUNESUDTOULOUSE,20260427,AT,3,,24,10,0.045133,2564,1576,3d09b6a45e74beeb526eb5a458bfe0c0,1.24.0,2026-07-29
SAUDRUNESUDTOULOUSE_20260427_0260,SAUDRUNESUDTOULOUSE_20260427_0260,1,SAUDRUNESUDTOULOUSE_20260427_0260.jpeg,Barbatula barbatula,BARBABAR,forte,terrain,SAUDRUNESUDTOULOUSE,20260427,AT,3,,24,10,0.045101,2032,1500,8317b48fb63b8c61fcb752ffa1a6a77e,1.19.0,2026-07-28
SAUDRUNESUDTOULOUSE_20260427_0261,SAUDRUNESUDTOULOUSE_20260427_0261,1,SAUDRUNESUDTOULOUSE_20260427_0261.jpeg,Barbatula barbatula,BARBABAR,forte,terrain,SAUDRUNESUDTOULOUSE,20260427,AT,3,,24,10,0.048314,2076,1634,724e4c3d03fcc510eb354be4e216c87a,1.19.0,2026-07-28
SAUDRUNESUDTOULOUSE_20260427_0262,SAUDRUNESUDTOULOUSE_20260427_0262,1,SAUDRUNESUDTOULOUSE_20260427_0262.jpeg,Squalius cephalus,SQUCEP,moyenne,terrain,SAUDRUNESUDTOULOUSE,20260427,AT,3,no,24,10,0.048517918,1870,1109,d3a151324ed9d5f02dc02c98b7a05660,1.34.0,2026-09-04
SAUDRUNESUDTOULOUSE_20260427_0263,SAUDRUNESUDTOULOUSE_20260427_0263,1,SAUDRUNESUDTOULOUSE_20260427_0263.jpeg,Barbatula barbatula,BARBABAR,forte,terrain,SAUDRUNESUDTOULOUSE,20260427,AT,3,,24,10,0.048142,2564,1624,152e2ad00d9775565d3e003e59f9b05a,1.19.0,2026-07-28
SAUDRUNESUDTOULOUSE_20260427_0264_i1,SAUDRUNESUDTOULOUSE_20260427_0264,1,SAUDRUNESUDTOULOUSE_20260427_0264.jpeg,Barbatula barbatula,BARBABAR,forte,terrain,SAUDRUNESUDTOULOUSE,20260427,AT,3,,24,10,0.0449,1833,1442,76e452125235eb3bdb14349c0a21fcb6,1.24.0,2026-07-29
SAUDRUNESUDTOULOUSE_20260427_0264_i2,SAUDRUNESUDTOULOUSE_20260427_0264,2,SAUDRUNESUDTOULOUSE_20260427_0264.jpeg,Barbatula barbatula,BARBABAR,forte,terrain,SAUDRUNESUDTOULOUSE,20260427,AT,3,,24,10,0.044931,1833,1442,76e452125235eb3bdb14349c0a21fcb6,1.24.0,2026-07-29
SAUDRUNESUDTOULOUSE_20260427_0265,SAUDRUNESUDTOULOUSE_20260427_0265,1,SAUDRUNESUDTOULOUSE_20260427_0265.jpeg,Barbatula barbatula,BARBABAR,forte,terrain,SAUDRUNESUDTOULOUSE,20260427,AT,3,,24,10,0.044743,2104,1057,263a0d20f6ed22ecb68cce00a63c75a1,1.19.0,2026-07-28
SAUDRUNESUDTOULOUSE_20260518_0001,SAUDRUNESUDTOULOUSE_20260518_0001,1,SAUDRUNESUDTOULOUSE_20260518_0001.jpg,Barbus barbus,BARBUBAR,high,terrain,SAUDRUNESUDTOULOUSE,20260518,AT,3,,24,10,0.102867,2372,1234,766540c3f8749bb9363a5e16e2551f57,1.28.0,2026-07-31
SAUDRUNESUDTOULOUSE_20260518_0002,SAUDRUNESUDTOULOUSE_20260518_0002,1,SAUDRUNESUDTOULOUSE_20260518_0002.jpg,Gobio gobio,GOBGOB,,AT,SAUDRUNESUDTOULOUSE,20260518,AT,3,,24,10,0.099062,1328,870,0e9305803fe2794d3209e887d4ee6d8b,1.26.0,2026-07-30
SAUDRUNESUDTOULOUSE_20260518_0003,SAUDRUNESUDTOULOUSE_20260518_0003,1,SAUDRUNESUDTOULOUSE_20260518_0003.jpg,Perca fluviatilis,PERFLU,high,terrain,SAUDRUNESUDTOULOUSE,20260518,AT,3,,24,10,0.100435,1325,1447,2c355ba82ece860a00a9ffd560bc4128,1.28.0,2026-07-31
SAUDRUNESUDTOULOUSE_20260518_0004,SAUDRUNESUDTOULOUSE_20260518_0004,1,SAUDRUNESUDTOULOUSE_20260518_0004.jpg,Squalius cephalus,SQUCEP,high,terrain,SAUDRUNESUDTOULOUSE,20260518,AT,3,,24,10,0.102935,1629,906,fa5b10f9c60843d81cfe557c042a3a12,1.28.0,2026-07-31
SAUDRUNESUDTOULOUSE_20260518_0005,SAUDRUNESUDTOULOUSE_20260518_0005,1,SAUDRUNESUDTOULOUSE_20260518_0005.jpg,Gobio gobio,GOBGOB,,AT,SAUDRUNESUDTOULOUSE,20260518,AT,3,,24,10,0.098267,1305,858,fc2e5f813f08ecb12aa21dc5420ac724,1.26.0,2026-07-30
SAUDRUNESUDTOULOUSE_20260518_0006,SAUDRUNESUDTOULOUSE_20260518_0006,1,SAUDRUNESUDTOULOUSE_20260518_0006.jpg,Perca fluviatilis,PERFLU,high,terrain,SAUDRUNESUDTOULOUSE,20260518,AT,3,,24,10,0.103585,1514,1372,6f55d4a19c7f17ff115371d48c9ba4a1,1.28.0,2026-07-31
SAUDRUNESUDTOULOUSE_20260518_0007,SAUDRUNESUDTOULOUSE_20260518_0007,1,SAUDRUNESUDTOULOUSE_20260518_0007.jpg,Squalius cephalus,SQUCEP,high,terrain,SAUDRUNESUDTOULOUSE,20260518,AT,3,,24,10,0.100469,1601,953,bcb2849717d07c4debd237b92350fa7e,1.28.0,2026-07-31
SAUDRUNESUDTOULOUSE_20260518_0008,SAUDRUNESUDTOULOUSE_20260518_0008,1,SAUDRUNESUDTOULOUSE_20260518_0008.jpg,Gobio gobio,GOBGOB,,AT,SAUDRUNESUDTOULOUSE,20260518,AT,3,,24,10,0.099224,1301,953,130339bc42835a5f5014ec265a0d3e03,1.26.0,2026-07-30
SAUDRUNESUDTOULOUSE_20260518_0009,SAUDRUNESUDTOULOUSE_20260518_0009,1,SAUDRUNESUDTOULOUSE_20260518_0009.jpg,Lepomis gibbosus,LEPGIB,,AT,SAUDRUNESUDTOULOUSE,20260518,AT,3,,24,10,0.100246,546,791,16f5c32a0773e07c1b1647d85b7ca863,1.28.0,2026-07-31
SAUDRUNESUDTOULOUSE_20260518_0010,SAUDRUNESUDTOULOUSE_20260518_0010,1,SAUDRUNESUDTOULOUSE_20260518_0010.jpg,Squalius cephalus,SQUCEP,high,terrain,SAUDRUNESUDTOULOUSE,20260518,AT,3,,24,10,0.099667,3934,1740,b71d520c208693d544897f03c5acff5a,1.28.0,2026-07-31
SAUDRUNESUDTOULOUSE_20260518_0011,SAUDRUNESUDTOULOUSE_20260518_0011,1,SAUDRUNESUDTOULOUSE_20260518_0011.jpg,Gobio gobio,GOBGOB,,AT,SAUDRUNESUDTOULOUSE,20260518,AT,3,,24,10,0.099478,1376,732,d9e61f2023e41fe8abb1b113bb75c4e0,1.26.0,2026-07-30
SAUDRUNESUDTOULOUSE_20260518_0012,SAUDRUNESUDTOULOUSE_20260518_0012,1,SAUDRUNESUDTOULOUSE_20260518_0012.jpg,Lepomis gibbosus,LEPGIB,,AT,SAUDRUNESUDTOULOUSE,20260518,AT,3,,24,10,0.099908,787,1186,f5cb909c6600a23e722981c81341f261,1.28.0,2026-07-31
SAUDRUNESUDTOULOUSE_20260518_0013,SAUDRUNESUDTOULOUSE_20260518_0013,1,SAUDRUNESUDTOULOUSE_20260518_0013.jpg,Squalius cephalus,SQUCEP,high,terrain,SAUDRUNESUDTOULOUSE,20260518,AT,3,,24,10,0.099897,1973,1111,b63a88c2cd032b3a730e74e4f0c12794,1.28.0,2026-07-31
SAUDRUNESUDTOULOUSE_20260518_0014,SAUDRUNESUDTOULOUSE_20260518_0014,1,SAUDRUNESUDTOULOUSE_20260518_0014.jpg,Gobio gobio,GOBGOB,,AT,SAUDRUNESUDTOULOUSE,20260518,AT,3,,24,10,0.100611,1253,732,2e55f391e8bb36edf86f9c82b7a51e01,1.26.0,2026-07-30
SAUDRUNESUDTOULOUSE_20260518_0015,SAUDRUNESUDTOULOUSE_20260518_0015,1,SAUDRUNESUDTOULOUSE_20260518_0015.jpg,Lepomis gibbosus,LEPGIB,,AT,SAUDRUNESUDTOULOUSE,20260518,AT,3,,24,10,0.099456,755,921,0848dce1d91b4197d3501f36c8ebef23,1.28.0,2026-07-31
SAUDRUNESUDTOULOUSE_20260518_0016,SAUDRUNESUDTOULOUSE_20260518_0016,1,SAUDRUNESUDTOULOUSE_20260518_0016.jpg,Squalius cephalus,SQUCEP,high,terrain,SAUDRUNESUDTOULOUSE,20260518,AT,3,,24,10,0.092622,3831,1716,71b29b5c20d5647246c09465c58f7e8b,1.28.0,2026-07-31
SAUDRUNESUDTOULOUSE_20260518_0017,SAUDRUNESUDTOULOUSE_20260518_0017,1,SAUDRUNESUDTOULOUSE_20260518_0017.jpg,Gobio gobio,GOBGOB,,AT,SAUDRUNESUDTOULOUSE,20260518,AT,3,,24,10,0.097408,4608,3456,fa61f3aa31615fe0e83e5454c29725b1,1.29.0,2026-07-31
SAUDRUNESUDTOULOUSE_20260518_0018,SAUDRUNESUDTOULOUSE_20260518_0018,1,SAUDRUNESUDTOULOUSE_20260518_0018.jpg,Lepomis gibbosus,LEPGIB,,AT,SAUDRUNESUDTOULOUSE,20260518,AT,3,,24,10,0.100297,648,941,1d7f2646a790ca16fbdf9fe0d145d136,1.28.0,2026-07-31
SAUDRUNESUDTOULOUSE_20260518_0019,SAUDRUNESUDTOULOUSE_20260518_0019,1,SAUDRUNESUDTOULOUSE_20260518_0019.jpg,Squalius cephalus,SQUCEP,high,terrain,SAUDRUNESUDTOULOUSE,20260518,AT,3,,24,10,0.100118,3104,1392,75109ce03dd0d35fdaf982438423d94f,1.28.0,2026-07-31
SAUDRUNESUDTOULOUSE_20260518_0020,SAUDRUNESUDTOULOUSE_20260518_0020,1,SAUDRUNESUDTOULOUSE_20260518_0020.jpg,Gobio gobio,GOBGOB,,AT,SAUDRUNESUDTOULOUSE,20260518,AT,3,,24,10,0.100873,1261,913,80251cc828c72dcd19ccc56e0e79e140,1.26.0,2026-07-30
SAUDRUNESUDTOULOUSE_20260518_0021,SAUDRUNESUDTOULOUSE_20260518_0021,1,SAUDRUNESUDTOULOUSE_20260518_0021.jpg,Lepomis gibbosus,LEPGIB,,AT,SAUDRUNESUDTOULOUSE,20260518,AT,3,,24,10,0.119934,573,937,84c78f28dffd2503ad0cb41dbaca5fa8,1.28.0,2026-07-31
SAUDRUNESUDTOULOUSE_20260518_0022,SAUDRUNESUDTOULOUSE_20260518_0022,1,SAUDRUNESUDTOULOUSE_20260518_0022.jpg,Squalius cephalus,SQUCEP,high,terrain,SAUDRUNESUDTOULOUSE,20260518,AT,3,,24,10,0.101368,2526,1380,f87710ef57dc3efe4122f67beb86b916,1.28.0,2026-07-31
SAUDRUNESUDTOULOUSE_20260518_0023,SAUDRUNESUDTOULOUSE_20260518_0023,1,SAUDRUNESUDTOULOUSE_20260518_0023.jpg,Gobio gobio,GOBGOB,,AT,SAUDRUNESUDTOULOUSE,20260518,AT,3,,24,10,0.102708,1447,819,c2757c10d7f5c0fcd257fb2c7e6d2843,1.26.0,2026-07-30
SAUDRUNESUDTOULOUSE_20260518_0024,SAUDRUNESUDTOULOUSE_20260518_0024,1,SAUDRUNESUDTOULOUSE_20260518_0024.jpg,Perca fluviatilis,PERFLU,high,terrain,SAUDRUNESUDTOULOUSE,20260518,AT,3,,24,10,0.123844,601,1103,0027fbd38980b4092d5ca55d21600a29,1.28.0,2026-07-31
SAUDRUNESUDTOULOUSE_20260518_0025,SAUDRUNESUDTOULOUSE_20260518_0025,1,SAUDRUNESUDTOULOUSE_20260518_0025.jpg,Squalius cephalus,SQUCEP,high,terrain,SAUDRUNESUDTOULOUSE,20260518,AT,3,,24,10,0.098663,2700,1542,41712b0d771aad6c47c2b63f44c5f401,1.28.0,2026-07-31
SAUDRUNESUDTOULOUSE_20260518_0026,SAUDRUNESUDTOULOUSE_20260518_0026,1,SAUDRUNESUDTOULOUSE_20260518_0026.jpg,Gobio gobio,GOBGOB,,AT,SAUDRUNESUDTOULOUSE,20260518,AT,3,,24,10,0.102894,1289,1095,056151f3116cc2ffc37c37b2bbe84045,1.26.0,2026-07-30
SAUDRUNESUDTOULOUSE_20260518_0027,SAUDRUNESUDTOULOUSE_20260518_0027,1,SAUDRUNESUDTOULOUSE_20260518_0027.jpg,Perca fluviatilis,PERFLU,high,terrain,SAUDRUNESUDTOULOUSE,20260518,AT,3,,24,10,0.134716,506,811,d90ba8f4c9d2dfa11077d788a4c3fb91,1.28.0,2026-07-31
SAUDRUNESUDTOULOUSE_20260518_0028,SAUDRUNESUDTOULOUSE_20260518_0028,1,SAUDRUNESUDTOULOUSE_20260518_0028.jpg,Squalius cephalus,SQUCEP,high,terrain,SAUDRUNESUDTOULOUSE,20260518,AT,3,,24,10,0.101347,1625,1170,c77923dabb6ca141aa8a2b2a06852bdf,1.28.0,2026-07-31
SAUDRUNESUDTOULOUSE_20260518_0029,SAUDRUNESUDTOULOUSE_20260518_0029,1,SAUDRUNESUDTOULOUSE_20260518_0029.jpg,Gobio gobio,GOBGOB,,AT,SAUDRUNESUDTOULOUSE,20260518,AT,3,,24,10,0.098287,1162,898,a09404ef896ee1948b5ea570382252b7,1.26.0,2026-07-30
SAUDRUNESUDTOULOUSE_20260518_0030,SAUDRUNESUDTOULOUSE_20260518_0030,1,SAUDRUNESUDTOULOUSE_20260518_0030.jpg,Lepomis gibbosus,LEPGIB,,AT,SAUDRUNESUDTOULOUSE,20260518,AT,3,,24,10,0.094902,886,1052,807d8b0a4536714b28d50e2cb71bc392,1.28.0,2026-07-31
SAUDRUNESUDTOULOUSE_20260518_0031,SAUDRUNESUDTOULOUSE_20260518_0031,1,SAUDRUNESUDTOULOUSE_20260518_0031.jpg,Squalius cephalus,SQUCEP,high,terrain,SAUDRUNESUDTOULOUSE,20260518,AT,3,,24,10,0.100177,1202,838,cbd6c072ea8e7f00977c557b05da4040,1.28.0,2026-07-31
SAUDRUNESUDTOULOUSE_20260518_0032,SAUDRUNESUDTOULOUSE_20260518_0032,1,SAUDRUNESUDTOULOUSE_20260518_0032.jpg,Gobio gobio,GOBGOB,,AT,SAUDRUNESUDTOULOUSE,20260518,AT,3,,24,10,0.100197,1396,941,0fd4c9511917653bb708750910b1e70d,1.26.0,2026-07-30
SAUDRUNESUDTOULOUSE_20260518_0033,SAUDRUNESUDTOULOUSE_20260518_0033,1,SAUDRUNESUDTOULOUSE_20260518_0033.jpg,Perca fluviatilis,PERFLU,high,terrain,SAUDRUNESUDTOULOUSE,20260518,AT,3,,24,10,0.170791,494,593,9816bfcaf1de037aaa50aa61e728e9ba,1.28.0,2026-07-31
SAUDRUNESUDTOULOUSE_20260518_0034,SAUDRUNESUDTOULOUSE_20260518_0034,1,SAUDRUNESUDTOULOUSE_20260518_0034.jpg,Squalius cephalus,SQUCEP,high,terrain,SAUDRUNESUDTOULOUSE,20260518,AT,3,,24,10,0.103712,2428,1428,808fbacda12cd3d030c2f1b57bdcb9a2,1.28.0,2026-07-31
SAUDRUNESUDTOULOUSE_20260518_0035,SAUDRUNESUDTOULOUSE_20260518_0035,1,SAUDRUNESUDTOULOUSE_20260518_0035.jpg,Gobio gobio,GOBGOB,,AT,SAUDRUNESUDTOULOUSE,20260518,AT,3,,24,10,0.102822,1427,969,94cf70e85b1113da87b4702014079589,1.26.0,2026-07-30
SAUDRUNESUDTOULOUSE_20260518_0036,SAUDRUNESUDTOULOUSE_20260518_0036,1,SAUDRUNESUDTOULOUSE_20260518_0036.jpg,Perca fluviatilis,PERFLU,high,terrain,SAUDRUNESUDTOULOUSE,20260518,AT,3,,24,10,0.16442,447,451,f5887a5ede68fe6808dc4b28ec773541,1.28.0,2026-07-31
SAUDRUNESUDTOULOUSE_20260518_0037,SAUDRUNESUDTOULOUSE_20260518_0037,1,SAUDRUNESUDTOULOUSE_20260518_0037.jpg,Squalius cephalus,SQUCEP,high,terrain,SAUDRUNESUDTOULOUSE,20260518,AT,3,,24,10,0.103182,1744,1072,14262f27ef40862570fa77547cba2049,1.28.0,2026-07-31
SAUDRUNESUDTOULOUSE_20260518_0038,SAUDRUNESUDTOULOUSE_20260518_0038,1,SAUDRUNESUDTOULOUSE_20260518_0038.jpg,Gobio gobio,GOBGOB,,AT,SAUDRUNESUDTOULOUSE,20260518,AT,3,,24,10,0.102327,1340,1020,249ba73d1cd5f7cccbc4e4704f31a326,1.26.0,2026-07-30
SAUDRUNESUDTOULOUSE_20260518_0039_i1,SAUDRUNESUDTOULOUSE_20260518_0039,1,SAUDRUNESUDTOULOUSE_20260518_0039.jpg,Perca fluviatilis,PERFLU,high,terrain,SAUDRUNESUDTOULOUSE,20260518,AT,3,,24,10,0.111084,585,1400,d04e5a41dff3904d568397647fb67342,1.28.0,2026-07-31
SAUDRUNESUDTOULOUSE_20260518_0039_i2,SAUDRUNESUDTOULOUSE_20260518_0039,2,SAUDRUNESUDTOULOUSE_20260518_0039.jpg,Perca fluviatilis,PERFLU,high,terrain,SAUDRUNESUDTOULOUSE,20260518,AT,3,,24,10,0.111084,585,1400,d04e5a41dff3904d568397647fb67342,1.28.0,2026-07-31
SAUDRUNESUDTOULOUSE_20260518_0040,SAUDRUNESUDTOULOUSE_20260518_0040,1,SAUDRUNESUDTOULOUSE_20260518_0040.jpg,Squalius cephalus,SQUCEP,high,terrain,SAUDRUNESUDTOULOUSE,20260518,AT,3,,24,10,0.100687,1562,1119,6f497528e395fa62938ac588464aa6ee,1.28.0,2026-07-31
SAUDRUNESUDTOULOUSE_20260518_0041,SAUDRUNESUDTOULOUSE_20260518_0041,1,SAUDRUNESUDTOULOUSE_20260518_0041.jpg,Gobio gobio,GOBGOB,,AT,SAUDRUNESUDTOULOUSE,20260518,AT,3,,24,10,0.099321,1230,1036,313c95e5d9a9dd523172706676221d10,1.26.0,2026-07-30
SAUDRUNESUDTOULOUSE_20260518_0042,SAUDRUNESUDTOULOUSE_20260518_0042,1,SAUDRUNESUDTOULOUSE_20260518_0042.jpg,Squalius cephalus,SQUCEP,high,terrain,SAUDRUNESUDTOULOUSE,20260518,AT,3,,24,10,0.10413,1562,1119,18c88b47625cec2de0bbd8cf63e54f89,1.28.0,2026-07-31
SAUDRUNESUDTOULOUSE_20260518_0043,SAUDRUNESUDTOULOUSE_20260518_0043,1,SAUDRUNESUDTOULOUSE_20260518_0043.jpg,Gobio gobio,GOBGOB,,AT,SAUDRUNESUDTOULOUSE,20260518,AT,3,,24,10,0.100808,1166,937,aa1903a08b90971b204a74064e402bb3,1.28.0,2026-07-31
SAUDRUNESUDTOULOUSE_20260518_0044,SAUDRUNESUDTOULOUSE_20260518_0044,1,SAUDRUNESUDTOULOUSE_20260518_0044.jpg,Lepomis gibbosus,LEPGIB,,AT,SAUDRUNESUDTOULOUSE,20260518,AT,3,,24,10,0.114137,522,973,b3e98d04d92acddfe42f1c1342055c07,1.28.0,2026-07-31
SAUDRUNESUDTOULOUSE_20260518_0045,SAUDRUNESUDTOULOUSE_20260518_0045,1,SAUDRUNESUDTOULOUSE_20260518_0045.jpg,Squalius cephalus,SQUCEP,high,terrain,SAUDRUNESUDTOULOUSE,20260518,AT,3,,24,10,0.104323,1107,957,3589a59c6174172c93ab3decb8a39a33,1.28.0,2026-07-31
SAUDRUNESUDTOULOUSE_20260518_0046,SAUDRUNESUDTOULOUSE_20260518_0046,1,SAUDRUNESUDTOULOUSE_20260518_0046.jpg,Gobio gobio,GOBGOB,,AT,SAUDRUNESUDTOULOUSE,20260518,AT,3,,24,10,0.099224,1301,953,33707c72de55f27da496c3a07a09cfc4,1.28.0,2026-07-31
SAUDRUNESUDTOULOUSE_20260518_0047,SAUDRUNESUDTOULOUSE_20260518_0047,1,SAUDRUNESUDTOULOUSE_20260518_0047.jpg,Perca fluviatilis,PERFLU,high,terrain,SAUDRUNESUDTOULOUSE,20260518,AT,3,,24,10,0.114608,557,985,e562e0af2de8b6959ca8852cd9c2306d,1.28.0,2026-07-31
SAUDRUNESUDTOULOUSE_20260518_0048,SAUDRUNESUDTOULOUSE_20260518_0048,1,SAUDRUNESUDTOULOUSE_20260518_0048.jpg,Squalius cephalus,SQUCEP,high,terrain,SAUDRUNESUDTOULOUSE,20260518,AT,3,,24,10,0.102946,1376,1151,d9d06487789a776c45cb285735c496a4,1.28.0,2026-07-31
SAUDRUNESUDTOULOUSE_20260518_0049,SAUDRUNESUDTOULOUSE_20260518_0049,1,SAUDRUNESUDTOULOUSE_20260518_0049.jpg,Gobio gobio,GOBGOB,,AT,SAUDRUNESUDTOULOUSE,20260518,AT,3,,24,10,0.098583,1091,933,64499331712cd25b2eaac2e7b4c799f9,1.28.0,2026-07-31
SAUDRUNESUDTOULOUSE_20260518_0050_i1,SAUDRUNESUDTOULOUSE_20260518_0050,1,SAUDRUNESUDTOULOUSE_20260518_0050.jpg,Perca fluviatilis,PERFLU,high,terrain,SAUDRUNESUDTOULOUSE,20260518,AT,3,,24,10,0.081307,708,1459,c5dbc53203daf78b7e6561a004551b1d,1.28.0,2026-07-31
SAUDRUNESUDTOULOUSE_20260518_0050_i2,SAUDRUNESUDTOULOUSE_20260518_0050,2,SAUDRUNESUDTOULOUSE_20260518_0050.jpg,Perca fluviatilis,PERFLU,high,terrain,SAUDRUNESUDTOULOUSE,20260518,AT,3,,24,10,0.081307,708,1459,c5dbc53203daf78b7e6561a004551b1d,1.28.0,2026-07-31
SAUDRUNESUDTOULOUSE_20260518_0051,SAUDRUNESUDTOULOUSE_20260518_0051,1,SAUDRUNESUDTOULOUSE_20260518_0051.jpg,Squalius cephalus,SQUCEP,high,terrain,SAUDRUNESUDTOULOUSE,20260518,AT,3,,24,10,0.099303,530,870,979848cd6a9ef5051d9ef14fafcee069,1.28.0,2026-07-31
SAUDRUNESUDTOULOUSE_20260518_0052,SAUDRUNESUDTOULOUSE_20260518_0052,1,SAUDRUNESUDTOULOUSE_20260518_0052.jpg,Gobio gobio,GOBGOB,,AT,SAUDRUNESUDTOULOUSE,20260518,AT,3,,24,10,0.099106,1226,811,9c3eec88f1d1a9f8a14c7ff3ac1f41b7,1.28.0,2026-07-31
SAUDRUNESUDTOULOUSE_20260518_0053,SAUDRUNESUDTOULOUSE_20260518_0053,1,SAUDRUNESUDTOULOUSE_20260518_0053.jpg,Squalius cephalus,SQUCEP,high,terrain,SAUDRUNESUDTOULOUSE,20260518,AT,3,,24,10,0.102869,791,858,1e93571e387c5f5fce20506c872a5e6c,1.28.0,2026-07-31
SAUDRUNESUDTOULOUSE_20260518_0054,SAUDRUNESUDTOULOUSE_20260518_0054,1,SAUDRUNESUDTOULOUSE_20260518_0054.jpg,Gobio gobio,GOBGOB,,AT,SAUDRUNESUDTOULOUSE,20260518,AT,3,,24,10,0.102431,1305,1004,36fb9b7e27c9f3501f2cfb4bd2ca2595,1.28.0,2026-07-31
SAUDRUNESUDTOULOUSE_20260518_0055,SAUDRUNESUDTOULOUSE_20260518_0055,1,SAUDRUNESUDTOULOUSE_20260518_0055.jpg,Perca fluviatilis,PERFLU,high,terrain,SAUDRUNESUDTOULOUSE,20260518,AT,3,no,24,10,0.114416476,581,874,751ce90e3324abed60353dfe8d05ac51,1.32.1,2026-08-04
SAUDRUNESUDTOULOUSE_20260518_0056_i1,SAUDRUNESUDTOULOUSE_20260518_0056,1,SAUDRUNESUDTOULOUSE_20260518_0056.jpg,Squalius cephalus,SQUCEP,high,terrain,SAUDRUNESUDTOULOUSE,20260518,AT,3,,24,10,0.098807,1661,1507,e3b08ac0db6cd7b31d8b063edc910634,1.28.0,2026-07-31
SAUDRUNESUDTOULOUSE_20260518_0056_i2,SAUDRUNESUDTOULOUSE_20260518_0056,2,SAUDRUNESUDTOULOUSE_20260518_0056.jpg,Squalius cephalus,SQUCEP,high,terrain,SAUDRUNESUDTOULOUSE,20260518,AT,3,,24,10,0.097995,1661,1507,e3b08ac0db6cd7b31d8b063edc910634,1.28.0,2026-07-31
SAUDRUNESUDTOULOUSE_20260518_0056_i3,SAUDRUNESUDTOULOUSE_20260518_0056,3,SAUDRUNESUDTOULOUSE_20260518_0056.jpg,Squalius cephalus,SQUCEP,high,terrain,SAUDRUNESUDTOULOUSE,20260518,AT,3,,24,10,0.098629,1661,1507,e3b08ac0db6cd7b31d8b063edc910634,1.28.0,2026-07-31
SAUDRUNESUDTOULOUSE_20260518_0057,SAUDRUNESUDTOULOUSE_20260518_0057,1,SAUDRUNESUDTOULOUSE_20260518_0057.jpg,Gobio gobio,GOBGOB,,AT,SAUDRUNESUDTOULOUSE,20260518,AT,3,,24,10,0.099643,700,807,e8ec6d8034754fb27e3b08fa91d63dfa,1.28.0,2026-07-31
SAUDRUNESUDTOULOUSE_20260518_0058,SAUDRUNESUDTOULOUSE_20260518_0058,1,SAUDRUNESUDTOULOUSE_20260518_0058.jpg,Gobio gobio,GOBGOB,,AT,SAUDRUNESUDTOULOUSE,20260518,AT,3,,24,10,0.102791,977,791,7a322d1608ac88411b344c90cdcfb610,1.28.0,2026-07-31
SAUDRUNESUDTOULOUSE_20260518_0059,SAUDRUNESUDTOULOUSE_20260518_0059,1,SAUDRUNESUDTOULOUSE_20260518_0059.jpg,Gobio gobio,GOBGOB,,AT,SAUDRUNESUDTOULOUSE,20260518,AT,3,,24,10,0.100653,724,858,f3096f2f586d4e5fb9593f36c7d8e971,1.28.0,2026-07-31
SAUDRUNESUDTOULOUSE_20260518_0060,SAUDRUNESUDTOULOUSE_20260518_0060,1,SAUDRUNESUDTOULOUSE_20260518_0060.jpg,Squalius cephalus,SQUCEP,high,terrain,SAUDRUNESUDTOULOUSE,20260518,AT,3,,24,10,0.099418,447,1091,95a1b2aa3249d6a7154af7f7f8ebfb1c,1.28.0,2026-07-31
SAUDRUNESUDTOULOUSE_20260518_0061,SAUDRUNESUDTOULOUSE_20260518_0061,1,SAUDRUNESUDTOULOUSE_20260518_0061.jpg,Barbus barbus,BARBUBAR,high,terrain,SAUDRUNESUDTOULOUSE,20260518,AT,3,,24,10,0.102105,1166,803,1ede7a9e47da5ad47c80f8eabae7c5b1,1.28.0,2026-07-31
SAUDRUNESUDTOULOUSE_20260518_0062,SAUDRUNESUDTOULOUSE_20260518_0062,1,SAUDRUNESUDTOULOUSE_20260518_0062.jpg,Gobio gobio,GOBGOB,,AT,SAUDRUNESUDTOULOUSE,20260518,AT,3,,24,10,0.103049,1261,1230,517fc71d65cdc3144a2b8486b7262e15,1.28.0,2026-07-31
SAUDRUNESUDTOULOUSE_20260518_0063_i1,SAUDRUNESUDTOULOUSE_20260518_0063,1,SAUDRUNESUDTOULOUSE_20260518_0063.jpg,Squalius cephalus,SQUCEP,high,terrain,SAUDRUNESUDTOULOUSE,20260518,AT,3,,24,10,0.098477,1886,1637,6eba0ada6b099cd7639c551db44a4116,1.28.0,2026-07-31
SAUDRUNESUDTOULOUSE_20260518_0063_i2,SAUDRUNESUDTOULOUSE_20260518_0063,2,SAUDRUNESUDTOULOUSE_20260518_0063.jpg,Squalius cephalus,SQUCEP,high,terrain,SAUDRUNESUDTOULOUSE,20260518,AT,3,,24,10,0.098477,1886,1637,6eba0ada6b099cd7639c551db44a4116,1.28.0,2026-07-31
SAUDRUNESUDTOULOUSE_20260518_0063_i3,SAUDRUNESUDTOULOUSE_20260518_0063,3,SAUDRUNESUDTOULOUSE_20260518_0063.jpg,Squalius cephalus,SQUCEP,high,terrain,SAUDRUNESUDTOULOUSE,20260518,AT,3,,24,10,0.098477,1886,1637,6eba0ada6b099cd7639c551db44a4116,1.28.0,2026-07-31
SAUDRUNESUDTOULOUSE_20260518_0064,SAUDRUNESUDTOULOUSE_20260518_0064,1,SAUDRUNESUDTOULOUSE_20260518_0064.jpg,Barbus barbus,BARBUBAR,high,terrain,SAUDRUNESUDTOULOUSE,20260518,AT,3,,24,10,0.098067,3614,1681,3ea25c1aedc1e0b6c4f21984015795be,1.28.0,2026-07-31
SAUDRUNESUDTOULOUSE_20260518_0065,SAUDRUNESUDTOULOUSE_20260518_0065,1,SAUDRUNESUDTOULOUSE_20260518_0065.jpg,Gobio gobio,GOBGOB,,AT,SAUDRUNESUDTOULOUSE,20260518,AT,3,,24,10,0.100651,1645,1020,d9f9410f8c06689dfc5f7d2cb4a1081d,1.28.0,2026-07-31
SAUDRUNESUDTOULOUSE_20260518_0066,SAUDRUNESUDTOULOUSE_20260518_0066,1,SAUDRUNESUDTOULOUSE_20260518_0066.jpg,Squalius cephalus,SQUCEP,high,terrain,SAUDRUNESUDTOULOUSE,20260518,AT,3,no,24,10,0.228960075,245,490,3442bea501ec3065ed54552ec76e584e,1.32.1,2026-08-04
SAUDRUNESUDTOULOUSE_20260518_0067,SAUDRUNESUDTOULOUSE_20260518_0067,1,SAUDRUNESUDTOULOUSE_20260518_0067.jpg,Barbus barbus,BARBUBAR,high,terrain,SAUDRUNESUDTOULOUSE,20260518,AT,3,,24,10,0.102925,1965,1131,06c0cdc33257d7a99ffb99c1e6682ba1,1.26.0,2026-07-30
SAUDRUNESUDTOULOUSE_20260518_0068,SAUDRUNESUDTOULOUSE_20260518_0068,1,SAUDRUNESUDTOULOUSE_20260518_0068.jpg,Gobio gobio,GOBGOB,,AT,SAUDRUNESUDTOULOUSE,20260518,AT,3,,24,10,0.10063,656,878,89248b8233bc6be8cf4850fae217db76,1.28.0,2026-07-31
SAUDRUNESUDTOULOUSE_20260518_0069,SAUDRUNESUDTOULOUSE_20260518_0069,1,SAUDRUNESUDTOULOUSE_20260518_0069.jpg,Squalius cephalus,SQUCEP,high,terrain,SAUDRUNESUDTOULOUSE,20260518,AT,3,,24,10,0.116598,557,668,1ddd494a9c4d33b898291a8ca9d165f9,1.28.0,2026-07-31
SAUDRUNESUDTOULOUSE_20260518_0070,SAUDRUNESUDTOULOUSE_20260518_0070,1,SAUDRUNESUDTOULOUSE_20260518_0070.jpg,Barbus barbus,BARBUBAR,high,terrain,SAUDRUNESUDTOULOUSE,20260518,AT,3,,24,10,0.103094,1993,1325,9a32643143f965d0bc127338392bace3,1.26.0,2026-07-30
SAUDRUNESUDTOULOUSE_20260518_0071,SAUDRUNESUDTOULOUSE_20260518_0071,1,SAUDRUNESUDTOULOUSE_20260518_0071.jpg,Gobio gobio,GOBGOB,,AT,SAUDRUNESUDTOULOUSE,20260518,AT,3,,24,10,0.100928,1396,1016,72a980630af42f375a35b5d05e9cbc36,1.28.0,2026-07-31
SAUDRUNESUDTOULOUSE_20260518_0072,SAUDRUNESUDTOULOUSE_20260518_0072,1,SAUDRUNESUDTOULOUSE_20260518_0072.jpg,Squalius cephalus,SQUCEP,high,terrain,SAUDRUNESUDTOULOUSE,20260518,AT,3,,24,10,0.127283,328,1048,fe947aa6f2d57de0e9eddc99272586b3,1.28.0,2026-07-31
SAUDRUNESUDTOULOUSE_20260518_0073,SAUDRUNESUDTOULOUSE_20260518_0073,1,SAUDRUNESUDTOULOUSE_20260518_0073.jpg,Barbus barbus,BARBUBAR,high,terrain,SAUDRUNESUDTOULOUSE,20260518,AT,3,,24,10,0.108254,1558,1293,cee3ba668c0333c32cf8be25efe78dac,1.26.0,2026-07-30
SAUDRUNESUDTOULOUSE_20260518_0074,SAUDRUNESUDTOULOUSE_20260518_0074,1,SAUDRUNESUDTOULOUSE_20260518_0074.jpg,Gobio gobio,GOBGOB,,AT,SAUDRUNESUDTOULOUSE,20260518,AT,3,,24,10,0.102249,1269,898,f0dae8b48f3ff99f496539d76bd784de,1.28.0,2026-07-31
SAUDRUNESUDTOULOUSE_20260518_0075,SAUDRUNESUDTOULOUSE_20260518_0075,1,SAUDRUNESUDTOULOUSE_20260518_0075.jpg,Squalius cephalus,SQUCEP,high,terrain,SAUDRUNESUDTOULOUSE,20260518,AT,3,,24,10,0.114835,2313,1242,0e670e235ab52f5d81675b472e08d3dd,1.28.0,2026-07-31
SAUDRUNESUDTOULOUSE_20260518_0076,SAUDRUNESUDTOULOUSE_20260518_0076,1,SAUDRUNESUDTOULOUSE_20260518_0076.jpg,Barbus barbus,BARBUBAR,high,terrain,SAUDRUNESUDTOULOUSE,20260518,AT,3,,24,10,0.101303,783,921,ded19052243429ec43f0dceff18e00ca,1.26.0,2026-07-30
SAUDRUNESUDTOULOUSE_20260518_0077,SAUDRUNESUDTOULOUSE_20260518_0077,1,SAUDRUNESUDTOULOUSE_20260518_0077.jpg,Gobio gobio,GOBGOB,,AT,SAUDRUNESUDTOULOUSE,20260518,AT,3,,24,10,0.103828,1321,909,984defc73909942c6c5e245518758dca,1.28.0,2026-07-31
SAUDRUNESUDTOULOUSE_20260518_0078,SAUDRUNESUDTOULOUSE_20260518_0078,1,SAUDRUNESUDTOULOUSE_20260518_0078.jpg,Squalius cephalus,SQUCEP,high,terrain,SAUDRUNESUDTOULOUSE,20260518,AT,3,,24,10,0.123579,2068,1190,95113ba9b4dd9d3f95269b678f8a799c,1.28.0,2026-07-31
SAUDRUNESUDTOULOUSE_20260518_0079,SAUDRUNESUDTOULOUSE_20260518_0079,1,SAUDRUNESUDTOULOUSE_20260518_0079.jpg,Barbus barbus,BARBUBAR,high,terrain,SAUDRUNESUDTOULOUSE,20260518,AT,3,,24,10,0.102249,901,898,2e2cbd1ece648924c6c4941c911e03a2,1.26.0,2026-07-30
SAUDRUNESUDTOULOUSE_20260518_0080,SAUDRUNESUDTOULOUSE_20260518_0080,1,SAUDRUNESUDTOULOUSE_20260518_0080.jpg,Gobio gobio,GOBGOB,,AT,SAUDRUNESUDTOULOUSE,20260518,AT,3,,24,10,0.101767,1423,1206,e32b58d9665a6b82607e612c09d4506a,1.28.0,2026-07-31
SAUDRUNESUDTOULOUSE_20260518_0081,SAUDRUNESUDTOULOUSE_20260518_0081,1,SAUDRUNESUDTOULOUSE_20260518_0081.jpg,Squalius cephalus,SQUCEP,high,terrain,SAUDRUNESUDTOULOUSE,20260518,AT,3,,24,10,0.11993,2092,1151,b133d14a9f0d378d7fe9d21f1859aa6a,1.28.0,2026-07-31
SAUDRUNESUDTOULOUSE_20260518_0082_i1,SAUDRUNESUDTOULOUSE_20260518_0082,1,SAUDRUNESUDTOULOUSE_20260518_0082.jpg,Barbus barbus,BARBUBAR,high,terrain,SAUDRUNESUDTOULOUSE,20260518,AT,3,,24,10,0.099908,1502,1186,2f2a806dfde827fbfe42a9fccad7f908,1.28.0,2026-07-31
SAUDRUNESUDTOULOUSE_20260518_0082_i2,SAUDRUNESUDTOULOUSE_20260518_0082,2,SAUDRUNESUDTOULOUSE_20260518_0082.jpg,Barbus barbus,BARBUBAR,high,terrain,SAUDRUNESUDTOULOUSE,20260518,AT,3,,24,10,0.103293,1502,1186,2f2a806dfde827fbfe42a9fccad7f908,1.28.0,2026-07-31
SAUDRUNESUDTOULOUSE_20260518_0083,SAUDRUNESUDTOULOUSE_20260518_0083,1,SAUDRUNESUDTOULOUSE_20260518_0083.jpg,Gobio gobio,GOBGOB,,AT,SAUDRUNESUDTOULOUSE,20260518,AT,3,,24,10,0.101003,1245,1004,1f3bc38e030cea3ec79f104f5469e4d7,1.28.0,2026-07-31
SAUDRUNESUDTOULOUSE_20260518_0084,SAUDRUNESUDTOULOUSE_20260518_0084,1,SAUDRUNESUDTOULOUSE_20260518_0084.jpg,Squalius cephalus,SQUCEP,high,terrain,SAUDRUNESUDTOULOUSE,20260518,AT,3,,24,10,0.121429,1253,1004,2143ba084aa230ef99b12393e9ebb136,1.28.0,2026-07-31
SAUDRUNESUDTOULOUSE_20260518_0085,SAUDRUNESUDTOULOUSE_20260518_0085,1,SAUDRUNESUDTOULOUSE_20260518_0085.jpg,Gobio gobio,GOBGOB,,AT,SAUDRUNESUDTOULOUSE,20260518,AT,3,,24,10,0.099598,1443,1230,a21266457bcfb35c64f155f7730c29d0,1.28.0,2026-07-31
SAUDRUNESUDTOULOUSE_20260518_0086,SAUDRUNESUDTOULOUSE_20260518_0086,1,SAUDRUNESUDTOULOUSE_20260518_0086.jpg,Squalius cephalus,SQUCEP,high,terrain,SAUDRUNESUDTOULOUSE,20260518,AT,3,,24,10,0.133688,399,676,ce5f289f9b1069914c9fa1688daaed81,1.28.0,2026-07-31
SAUDRUNESUDTOULOUSE_20260518_0087,SAUDRUNESUDTOULOUSE_20260518_0087,1,SAUDRUNESUDTOULOUSE_20260518_0087.jpg,Barbus barbus,BARBUBAR,high,terrain,SAUDRUNESUDTOULOUSE,20260518,AT,3,,24,10,0.099897,862,1076,d7445cfb7b0b05b1a8467ae1c8b454ee,1.28.0,2026-07-31
SAUDRUNESUDTOULOUSE_20260518_0088,SAUDRUNESUDTOULOUSE_20260518_0088,1,SAUDRUNESUDTOULOUSE_20260518_0088.jpg,Gobio gobio,GOBGOB,,AT,SAUDRUNESUDTOULOUSE,20260518,AT,3,,24,10,0.100388,1408,1337,0f7515dd9eca0b78b6e0ba7b18c49b8f,1.28.0,2026-07-31
SAUDRUNESUDTOULOUSE_20260518_0089,SAUDRUNESUDTOULOUSE_20260518_0089,1,SAUDRUNESUDTOULOUSE_20260518_0089.jpg,Squalius cephalus,SQUCEP,high,terrain,SAUDRUNESUDTOULOUSE,20260518,AT,3,,24,10,0.12247,1467,728,5778e96cf0e65a74a7daf67020eb933e,1.28.0,2026-07-31
SAUDRUNESUDTOULOUSE_20260518_0090,SAUDRUNESUDTOULOUSE_20260518_0090,1,SAUDRUNESUDTOULOUSE_20260518_0090.jpg,Barbus barbus,BARBUBAR,high,terrain,SAUDRUNESUDTOULOUSE,20260518,AT,3,,24,10,0.11944,1400,1064,538e9efe14babefbc648c536a3a50ef6,1.26.0,2026-07-30
SAUDRUNESUDTOULOUSE_20260518_0091,SAUDRUNESUDTOULOUSE_20260518_0091,1,SAUDRUNESUDTOULOUSE_20260518_0091.jpg,Gobio gobio,GOBGOB,,AT,SAUDRUNESUDTOULOUSE,20260518,AT,3,,24,10,0.100486,1396,1178,b3ee08997a4f05d499d621a5cef2c7a8,1.28.0,2026-07-31
SAUDRUNESUDTOULOUSE_20260518_0092,SAUDRUNESUDTOULOUSE_20260518_0092,1,SAUDRUNESUDTOULOUSE_20260518_0092.jpg,Squalius cephalus,SQUCEP,high,terrain,SAUDRUNESUDTOULOUSE,20260518,AT,3,,24,10,0.124366,2024,874,50a6a77cc32a4403c3f414b690f1bc5b,1.28.0,2026-07-31
SAUDRUNESUDTOULOUSE_20260518_0093,SAUDRUNESUDTOULOUSE_20260518_0093,1,SAUDRUNESUDTOULOUSE_20260518_0093.jpg,Barbus barbus,BARBUBAR,high,terrain,SAUDRUNESUDTOULOUSE,20260518,AT,3,,24,10,0.123398,613,716,1c7dac6c3670b5aba61c1c947712890e,1.26.0,2026-07-30
SAUDRUNESUDTOULOUSE_20260518_0094,SAUDRUNESUDTOULOUSE_20260518_0094,1,SAUDRUNESUDTOULOUSE_20260518_0094.jpg,Gobio gobio,GOBGOB,,AT,SAUDRUNESUDTOULOUSE,20260518,AT,3,,24,10,0.099136,1087,965,a0446bc26c202538b71e309c49309099,1.28.0,2026-07-31
SAUDRUNESUDTOULOUSE_20260518_0095,SAUDRUNESUDTOULOUSE_20260518_0095,1,SAUDRUNESUDTOULOUSE_20260518_0095.jpg,Squalius cephalus,SQUCEP,high,terrain,SAUDRUNESUDTOULOUSE,20260518,AT,3,,24,10,0.118556,1325,823,5de0b89d44116ac42bd16f80b56dce16,1.28.0,2026-07-31
SAUDRUNESUDTOULOUSE_20260518_0096,SAUDRUNESUDTOULOUSE_20260518_0096,1,SAUDRUNESUDTOULOUSE_20260518_0096.jpg,Barbus barbus,BARBUBAR,high,terrain,SAUDRUNESUDTOULOUSE,20260518,AT,3,,24,10,0.133519,534,696,06969396a9ec38576196973f06ad6a2e,1.26.0,2026-07-30
SAUDRUNESUDTOULOUSE_20260518_0097,SAUDRUNESUDTOULOUSE_20260518_0097,1,SAUDRUNESUDTOULOUSE_20260518_0097.jpg,Gobio gobio,GOBGOB,,AT,SAUDRUNESUDTOULOUSE,20260518,AT,3,,24,10,0.102886,1218,981,4d1f80c63c62009cfb01a041b798fcb8,1.28.0,2026-07-31
SAUDRUNESUDTOULOUSE_20260518_0098,SAUDRUNESUDTOULOUSE_20260518_0098,1,SAUDRUNESUDTOULOUSE_20260518_0098.jpg,Squalius cephalus,SQUCEP,high,terrain,SAUDRUNESUDTOULOUSE,20260518,AT,3,,24,10,0.119835,2752,1159,f3a901ddc1e91dc23af66f1656a8b65f,1.28.0,2026-07-31
SAUDRUNESUDTOULOUSE_20260518_0099,SAUDRUNESUDTOULOUSE_20260518_0099,1,SAUDRUNESUDTOULOUSE_20260518_0099.jpg,Gobio gobio,GOBGOB,,AT,SAUDRUNESUDTOULOUSE,20260518,AT,3,,24,10,0.102209,767,823,e536bbbe0241092851216bf5ec77eef1,1.28.0,2026-07-31
SAUDRUNESUDTOULOUSE_20260518_0100,SAUDRUNESUDTOULOUSE_20260518_0100,1,SAUDRUNESUDTOULOUSE_20260518_0100.jpg,Gobio gobio,GOBGOB,,AT,SAUDRUNESUDTOULOUSE,20260518,AT,1,no,24,10,0.123195618,1020,676,8316b9dec0dcbf2b692732d5ab4786cc,1.34.0,2026-08-07
SAUDRUNESUDTOULOUSE_20260518_0101,SAUDRUNESUDTOULOUSE_20260518_0101,1,SAUDRUNESUDTOULOUSE_20260518_0101.jpg,Squalius cephalus,SQUCEP,high,terrain,SAUDRUNESUDTOULOUSE,20260518,AT,3,,24,10,0.123384,1969,921,88b8f133b7beda76eb30b3fc6c49890d,1.28.0,2026-07-31
SAUDRUNESUDTOULOUSE_20260518_0102,SAUDRUNESUDTOULOUSE_20260518_0102,1,SAUDRUNESUDTOULOUSE_20260518_0102.jpg,Barbus barbus,BARBUBAR,high,terrain,SAUDRUNESUDTOULOUSE,20260518,AT,3,,24,10,0.079896,2206,1265,c5207f2c8107b49ee4914091fe852d69,1.26.0,2026-07-30
SAUDRUNESUDTOULOUSE_20260518_0103,SAUDRUNESUDTOULOUSE_20260518_0103,1,SAUDRUNESUDTOULOUSE_20260518_0103.jpg,Gobio gobio,GOBGOB,,AT,SAUDRUNESUDTOULOUSE,20260518,AT,3,,24,10,0.098484,1332,1182,2fced621fefffaae9149ffc5c2565222,1.28.0,2026-07-31
SAUDRUNESUDTOULOUSE_20260518_0104,SAUDRUNESUDTOULOUSE_20260518_0104,1,SAUDRUNESUDTOULOUSE_20260518_0104.jpg,Squalius cephalus,SQUCEP,high,terrain,SAUDRUNESUDTOULOUSE,20260518,AT,3,,24,10,0.136489,1313,870,dd811104ec8bd64e83118ff74dd3a509,1.28.0,2026-07-31
SAUDRUNESUDTOULOUSE_20260518_0105,SAUDRUNESUDTOULOUSE_20260518_0105,1,SAUDRUNESUDTOULOUSE_20260518_0105.jpg,Barbus barbus,BARBUBAR,high,terrain,SAUDRUNESUDTOULOUSE,20260518,AT,3,,24,10,0.162084,664,522,b3e6d9b937cdb8d26bf09e4e5ce6c94e,1.26.0,2026-07-30
SAUDRUNESUDTOULOUSE_20260518_0106_i1,SAUDRUNESUDTOULOUSE_20260518_0106,1,SAUDRUNESUDTOULOUSE_20260518_0106.jpg,Gobio gobio,GOBGOB,,AT,SAUDRUNESUDTOULOUSE,20260518,AT,3,,22,10,,2388,1459,8b61346e92be5ca21095a6a50c3c293a,1.28.0,2026-07-31
SAUDRUNESUDTOULOUSE_20260518_0106_i2,SAUDRUNESUDTOULOUSE_20260518_0106,2,SAUDRUNESUDTOULOUSE_20260518_0106.jpg,Gobio gobio,GOBGOB,,AT,SAUDRUNESUDTOULOUSE,20260518,AT,3,,24,10,0.09976,2388,1459,8b61346e92be5ca21095a6a50c3c293a,1.28.0,2026-07-31
SAUDRUNESUDTOULOUSE_20260518_0106_i3,SAUDRUNESUDTOULOUSE_20260518_0106,3,SAUDRUNESUDTOULOUSE_20260518_0106.jpg,Gobio gobio,GOBGOB,,AT,SAUDRUNESUDTOULOUSE,20260518,AT,3,,24,10,0.09976,2388,1459,8b61346e92be5ca21095a6a50c3c293a,1.28.0,2026-07-31
SAUDRUNESUDTOULOUSE_20260518_0106_i4,SAUDRUNESUDTOULOUSE_20260518_0106,4,SAUDRUNESUDTOULOUSE_20260518_0106.jpg,Gobio gobio,GOBGOB,,AT,SAUDRUNESUDTOULOUSE,20260518,AT,3,,24,10,0.09976,2388,1459,8b61346e92be5ca21095a6a50c3c293a,1.28.0,2026-07-31
SAUDRUNESUDTOULOUSE_20260518_0107,SAUDRUNESUDTOULOUSE_20260518_0107,1,SAUDRUNESUDTOULOUSE_20260518_0107.jpg,Squalius cephalus,SQUCEP,high,terrain,SAUDRUNESUDTOULOUSE,20260518,AT,3,,24,10,0.160141,2218,1076,6d6fe77a8becf2d42c03b33cf102e48f,1.28.0,2026-07-31
SAUDRUNESUDTOULOUSE_20260518_0108_i1,SAUDRUNESUDTOULOUSE_20260518_0108,1,SAUDRUNESUDTOULOUSE_20260518_0108.jpg,Barbus barbus,BARBUBAR,high,terrain,SAUDRUNESUDTOULOUSE,20260518,AT,3,,24,10,0.112164,1542,1435,ce1dcaca3b61987eb5bd6d0b7fe21579,1.28.0,2026-07-31
SAUDRUNESUDTOULOUSE_20260518_0108_i2,SAUDRUNESUDTOULOUSE_20260518_0108,2,SAUDRUNESUDTOULOUSE_20260518_0108.jpg,Barbus barbus,BARBUBAR,high,terrain,SAUDRUNESUDTOULOUSE,20260518,AT,3,,24,10,0.108401,1542,1435,ce1dcaca3b61987eb5bd6d0b7fe21579,1.28.0,2026-07-31
SAUDRUNESUDTOULOUSE_20260518_0108_i3,SAUDRUNESUDTOULOUSE_20260518_0108,3,SAUDRUNESUDTOULOUSE_20260518_0108.jpg,Barbus barbus,BARBUBAR,high,terrain,SAUDRUNESUDTOULOUSE,20260518,AT,3,,24,10,0.108401,1542,1435,ce1dcaca3b61987eb5bd6d0b7fe21579,1.28.0,2026-07-31
SAUDRUNESUDTOULOUSE_20260518_0109,SAUDRUNESUDTOULOUSE_20260518_0109,1,SAUDRUNESUDTOULOUSE_20260518_0109.jpg,Squalius cephalus,SQUCEP,high,terrain,SAUDRUNESUDTOULOUSE,20260518,AT,3,,24,10,0.157806,2107,1004,5eb29196785bc6821a81f4d78a435409,1.28.0,2026-07-31
SAUDRUNESUDTOULOUSE_20260518_0110,SAUDRUNESUDTOULOUSE_20260518_0110,1,SAUDRUNESUDTOULOUSE_20260518_0110.jpg,Squalius cephalus,SQUCEP,high,terrain,SAUDRUNESUDTOULOUSE,20260518,AT,3,,24,10,0.149446,1886,929,1279fe3190c9b05ecb1bde72a072694a,1.28.0,2026-07-31
SAUDRUNESUDTOULOUSE_20260518_0111,SAUDRUNESUDTOULOUSE_20260518_0111,1,SAUDRUNESUDTOULOUSE_20260518_0111.jpg,Squalius cephalus,SQUCEP,high,terrain,SAUDRUNESUDTOULOUSE,20260518,AT,3,,24,10,0.154111,1297,874,767d97e0423ba8777b193c3a88e2af87,1.28.0,2026-07-31
SAUDRUNESUDTOULOUSE_20260518_0112,SAUDRUNESUDTOULOUSE_20260518_0112,1,SAUDRUNESUDTOULOUSE_20260518_0112.jpg,Squalius cephalus,SQUCEP,high,terrain,SAUDRUNESUDTOULOUSE,20260518,AT,3,,24,10,0.164195,1040,593,57bb2f58893e739144d81774a9b3bfbc,1.28.0,2026-07-31
SAUDRUNESUDTOULOUSE_20260518_0113,SAUDRUNESUDTOULOUSE_20260518_0113,1,SAUDRUNESUDTOULOUSE_20260518_0113.jpg,Barbus barbus,BARBUBAR,high,terrain,SAUDRUNESUDTOULOUSE,20260518,AT,3,,24,10,0.164252,2447,1143,0dd60661e2349b9b1280ea4fbc58c8a8,1.26.0,2026-07-30
SAUDRUNESUDTOULOUSE_20260518_0114_i1,SAUDRUNESUDTOULOUSE_20260518_0114,1,SAUDRUNESUDTOULOUSE_20260518_0114.jpg,Gobio gobio,GOBGOB,,AT,SAUDRUNESUDTOULOUSE,20260518,AT,3,,24,10,0.1031,2238,1835,cc214189ee203761a36ec18a361333f0,1.28.0,2026-07-31
SAUDRUNESUDTOULOUSE_20260518_0114_i2,SAUDRUNESUDTOULOUSE_20260518_0114,2,SAUDRUNESUDTOULOUSE_20260518_0114.jpg,Gobio gobio,GOBGOB,,AT,SAUDRUNESUDTOULOUSE,20260518,AT,3,,24,10,0.1031,2238,1835,cc214189ee203761a36ec18a361333f0,1.28.0,2026-07-31
SAUDRUNESUDTOULOUSE_20260518_0114_i3,SAUDRUNESUDTOULOUSE_20260518_0114,3,SAUDRUNESUDTOULOUSE_20260518_0114.jpg,Gobio gobio,GOBGOB,,AT,SAUDRUNESUDTOULOUSE,20260518,AT,3,,24,10,0.1031,2238,1835,cc214189ee203761a36ec18a361333f0,1.28.0,2026-07-31
SAUDRUNESUDTOULOUSE_20260518_0114_i4,SAUDRUNESUDTOULOUSE_20260518_0114,4,SAUDRUNESUDTOULOUSE_20260518_0114.jpg,Gobio gobio,GOBGOB,,AT,SAUDRUNESUDTOULOUSE,20260518,AT,3,,22,10,,2238,1835,cc214189ee203761a36ec18a361333f0,1.28.0,2026-07-31
SAUDRUNESUDTOULOUSE_20260518_0115,SAUDRUNESUDTOULOUSE_20260518_0115,1,SAUDRUNESUDTOULOUSE_20260518_0115.jpg,Squalius cephalus,SQUCEP,high,terrain,SAUDRUNESUDTOULOUSE,20260518,AT,3,,24,10,0.16834,1178,704,47ccd182fe491623baaca03c6d026329,1.28.0,2026-07-31
SAUDRUNESUDTOULOUSE_20260518_0116,SAUDRUNESUDTOULOUSE_20260518_0116,1,SAUDRUNESUDTOULOUSE_20260518_0116.jpg,Barbus barbus,BARBUBAR,high,terrain,SAUDRUNESUDTOULOUSE,20260518,AT,3,,24,10,0.11709,601,830,52370a365211eed6d61358a09eaec7e5,1.26.0,2026-07-30
SAUDRUNESUDTOULOUSE_20260518_0117,SAUDRUNESUDTOULOUSE_20260518_0117,1,SAUDRUNESUDTOULOUSE_20260518_0117.jpg,Squalius cephalus,SQUCEP,high,terrain,SAUDRUNESUDTOULOUSE,20260518,AT,3,,24,10,0.156128,886,680,8660ddc4f782dafb98cb236194e5dd81,1.28.0,2026-07-31
SAUDRUNESUDTOULOUSE_20260518_0118,SAUDRUNESUDTOULOUSE_20260518_0118,1,SAUDRUNESUDTOULOUSE_20260518_0118.jpg,Barbus barbus,BARBUBAR,high,terrain,SAUDRUNESUDTOULOUSE,20260518,AT,3,,24,10,0.115012,1589,1167,66cd3eaeb6e47d9b0ba780aaab6fd236,1.26.0,2026-07-30
SAUDRUNESUDTOULOUSE_20260518_0119,SAUDRUNESUDTOULOUSE_20260518_0119,1,SAUDRUNESUDTOULOUSE_20260518_0119.jpg,Squalius cephalus,SQUCEP,high,terrain,SAUDRUNESUDTOULOUSE,20260518,AT,3,,24,10,0.159131,1684,886,e3b69a9ae5f26199a36ab1fa42ca5161,1.28.0,2026-07-31
SAUDRUNESUDTOULOUSE_20260518_0120,SAUDRUNESUDTOULOUSE_20260518_0120,1,SAUDRUNESUDTOULOUSE_20260518_0120.jpg,Barbus barbus,BARBUBAR,high,terrain,SAUDRUNESUDTOULOUSE,20260518,AT,3,,24,10,0.114312,862,874,7be82bfcc11f7c0233955f9d9c8dcf6b,1.26.0,2026-07-30
SAUDRUNESUDTOULOUSE_20260518_0121,SAUDRUNESUDTOULOUSE_20260518_0121,1,SAUDRUNESUDTOULOUSE_20260518_0121.jpg,Squalius cephalus,SQUCEP,high,terrain,SAUDRUNESUDTOULOUSE,20260518,AT,3,,24,10,0.128563,2001,1004,162a244d93de3f80014be1dfc5a1e59e,1.28.0,2026-07-31
SAUDRUNESUDTOULOUSE_20260518_0122,SAUDRUNESUDTOULOUSE_20260518_0122,1,SAUDRUNESUDTOULOUSE_20260518_0122.jpg,Barbus barbus,BARBUBAR,high,terrain,SAUDRUNESUDTOULOUSE,20260518,AT,3,,24,10,0.116922,807,1163,4c0a723444fdbb0aee79ddb3966791e1,1.26.0,2026-07-30
SAUDRUNESUDTOULOUSE_20260518_0123,SAUDRUNESUDTOULOUSE_20260518_0123,1,SAUDRUNESUDTOULOUSE_20260518_0123.jpg,Squalius cephalus,SQUCEP,high,terrain,SAUDRUNESUDTOULOUSE,20260518,AT,3,,24,10,0.120874,1589,890,dc09e474dceb6ea45c64a838058a6e7b,1.28.0,2026-07-31
SAUDRUNESUDTOULOUSE_20260518_0124_i1,SAUDRUNESUDTOULOUSE_20260518_0124,1,SAUDRUNESUDTOULOUSE_20260518_0124.jpg,Gobio gobio,GOBGOB,,AT,SAUDRUNESUDTOULOUSE,20260518,AT,3,,24,10,0.105828,2135,1649,f5b0058ea285026664aca7f2182a175f,1.28.0,2026-07-31
SAUDRUNESUDTOULOUSE_20260518_0124_i2,SAUDRUNESUDTOULOUSE_20260518_0124,2,SAUDRUNESUDTOULOUSE_20260518_0124.jpg,Gobio gobio,GOBGOB,,AT,SAUDRUNESUDTOULOUSE,20260518,AT,3,,24,10,0.105828,2135,1649,f5b0058ea285026664aca7f2182a175f,1.28.0,2026-07-31
SAUDRUNESUDTOULOUSE_20260518_0124_i3,SAUDRUNESUDTOULOUSE_20260518_0124,3,SAUDRUNESUDTOULOUSE_20260518_0124.jpg,Gobio gobio,GOBGOB,,AT,SAUDRUNESUDTOULOUSE,20260518,AT,3,,24,10,0.105828,2135,1649,f5b0058ea285026664aca7f2182a175f,1.28.0,2026-07-31
SAUDRUNESUDTOULOUSE_20260518_0124_i4,SAUDRUNESUDTOULOUSE_20260518_0124,4,SAUDRUNESUDTOULOUSE_20260518_0124.jpg,Gobio gobio,GOBGOB,,AT,SAUDRUNESUDTOULOUSE,20260518,AT,3,,24,10,0.097356,2135,1649,f5b0058ea285026664aca7f2182a175f,1.28.0,2026-07-31
SAUDRUNESUDTOULOUSE_20260518_0125,SAUDRUNESUDTOULOUSE_20260518_0125,1,SAUDRUNESUDTOULOUSE_20260518_0125.jpg,Barbus barbus,BARBUBAR,high,terrain,SAUDRUNESUDTOULOUSE,20260518,AT,3,,24,10,0.092392,747,1202,227c2ddce5565c49ba31d0ab4a5cc48a,1.26.0,2026-07-30
SAUDRUNESUDTOULOUSE_20260518_0126,SAUDRUNESUDTOULOUSE_20260518_0126,1,SAUDRUNESUDTOULOUSE_20260518_0126.jpg,Squalius cephalus,SQUCEP,high,terrain,SAUDRUNESUDTOULOUSE,20260518,AT,3,,24,10,0.120195,1384,882,49cbce9bf2453e691fd5381d5b0db0b4,1.28.0,2026-07-31
SAUDRUNESUDTOULOUSE_20260518_0127,SAUDRUNESUDTOULOUSE_20260518_0127,1,SAUDRUNESUDTOULOUSE_20260518_0127.jpg,Squalius cephalus,SQUCEP,high,terrain,SAUDRUNESUDTOULOUSE,20260518,AT,3,,24,10,0.120998,1665,961,d6939f8f166b8cd693f7fb9196f8497a,1.28.0,2026-07-31
SAUDRUNESUDTOULOUSE_20260518_0128,SAUDRUNESUDTOULOUSE_20260518_0128,1,SAUDRUNESUDTOULOUSE_20260518_0128.jpg,Squalius cephalus,SQUCEP,high,terrain,SAUDRUNESUDTOULOUSE,20260518,AT,3,,24,10,0.121765,1672,933,19500eef0b7b3754a47261b88eb950bd,1.28.0,2026-07-31
SAUDRUNESUDTOULOUSE_20260518_0129_i1,SAUDRUNESUDTOULOUSE_20260518_0129,1,SAUDRUNESUDTOULOUSE_20260518_0129.jpg,Gobio gobio,GOBGOB,,AT,SAUDRUNESUDTOULOUSE,20260518,AT,3,,24,10,0.097443,2515,1787,b411d1f0e902409f355f00e09ff553de,1.28.0,2026-07-31
SAUDRUNESUDTOULOUSE_20260518_0129_i2,SAUDRUNESUDTOULOUSE_20260518_0129,2,SAUDRUNESUDTOULOUSE_20260518_0129.jpg,Gobio gobio,GOBGOB,,AT,SAUDRUNESUDTOULOUSE,20260518,AT,3,,24,10,0.097443,2515,1787,b411d1f0e902409f355f00e09ff553de,1.28.0,2026-07-31
SAUDRUNESUDTOULOUSE_20260518_0129_i3,SAUDRUNESUDTOULOUSE_20260518_0129,3,SAUDRUNESUDTOULOUSE_20260518_0129.jpg,Gobio gobio,GOBGOB,,AT,SAUDRUNESUDTOULOUSE,20260518,AT,3,,24,10,0.097443,2515,1787,b411d1f0e902409f355f00e09ff553de,1.28.0,2026-07-31
SAUDRUNESUDTOULOUSE_20260518_0129_i4,SAUDRUNESUDTOULOUSE_20260518_0129,4,SAUDRUNESUDTOULOUSE_20260518_0129.jpg,Gobio gobio,GOBGOB,,AT,SAUDRUNESUDTOULOUSE,20260518,AT,3,,24,10,0.092846,2515,1787,b411d1f0e902409f355f00e09ff553de,1.28.0,2026-07-31
SAUDRUNESUDTOULOUSE_20260518_0130,SAUDRUNESUDTOULOUSE_20260518_0130,1,SAUDRUNESUDTOULOUSE_20260518_0130.jpg,Squalius cephalus,SQUCEP,high,terrain,SAUDRUNESUDTOULOUSE,20260518,AT,3,,24,10,0.107826,2542,1131,11cfceea18e4c1a809cb37663fc2974f,1.28.0,2026-07-31
SAUDRUNESUDTOULOUSE_20260518_0131,SAUDRUNESUDTOULOUSE_20260518_0131,1,SAUDRUNESUDTOULOUSE_20260518_0131.jpg,Squalius cephalus,SQUCEP,high,terrain,SAUDRUNESUDTOULOUSE,20260518,AT,3,no,24,10,0.20389591,1115,672,f813a7eb8145f4e0c36b5af492ae1ffc,1.32.1,2026-08-04
SAUDRUNESUDTOULOUSE_20260518_0132,SAUDRUNESUDTOULOUSE_20260518_0132,1,SAUDRUNESUDTOULOUSE_20260518_0132.jpg,Squalius cephalus,SQUCEP,high,terrain,SAUDRUNESUDTOULOUSE,20260518,AT,3,no,24,10,0.119322458,2056,1396,e14a807701f2095eac09b03d2e24a62d,1.32.1,2026-08-04
SAUDRUNESUDTOULOUSE_20260518_0133,SAUDRUNESUDTOULOUSE_20260518_0133,1,SAUDRUNESUDTOULOUSE_20260518_0133.jpg,Squalius cephalus,SQUCEP,high,terrain,SAUDRUNESUDTOULOUSE,20260518,AT,3,no,24,10,0.113413271,1253,1064,6097be88fc7864cf10de6179d6bd95d8,1.32.1,2026-08-04
SAUDRUNESUDTOULOUSE_20260518_0134_i1,SAUDRUNESUDTOULOUSE_20260518_0134,1,SAUDRUNESUDTOULOUSE_20260518_0134.jpg,Gobio gobio,GOBGOB,,AT,SAUDRUNESUDTOULOUSE,20260518,AT,3,,24,10,0.099697,2345,1712,04dd5ececcb5477fc9b3c1f68f1b8a41,1.28.0,2026-07-31
SAUDRUNESUDTOULOUSE_20260518_0134_i2,SAUDRUNESUDTOULOUSE_20260518_0134,2,SAUDRUNESUDTOULOUSE_20260518_0134.jpg,Gobio gobio,GOBGOB,,AT,SAUDRUNESUDTOULOUSE,20260518,AT,3,,24,10,0.099697,2345,1712,04dd5ececcb5477fc9b3c1f68f1b8a41,1.28.0,2026-07-31
SAUDRUNESUDTOULOUSE_20260518_0134_i3,SAUDRUNESUDTOULOUSE_20260518_0134,3,SAUDRUNESUDTOULOUSE_20260518_0134.jpg,Gobio gobio,GOBGOB,,AT,SAUDRUNESUDTOULOUSE,20260518,AT,3,,24,10,0.099697,2345,1712,04dd5ececcb5477fc9b3c1f68f1b8a41,1.28.0,2026-07-31
SAUDRUNESUDTOULOUSE_20260518_0134_i4,SAUDRUNESUDTOULOUSE_20260518_0134,4,SAUDRUNESUDTOULOUSE_20260518_0134.jpg,Gobio gobio,GOBGOB,,AT,SAUDRUNESUDTOULOUSE,20260518,AT,3,,24,10,0.099697,2345,1712,04dd5ececcb5477fc9b3c1f68f1b8a41,1.28.0,2026-07-31
SAUDRUNESUDTOULOUSE_20260518_0135,SAUDRUNESUDTOULOUSE_20260518_0135,1,SAUDRUNESUDTOULOUSE_20260518_0135.jpg,Squalius cephalus,SQUCEP,high,terrain,SAUDRUNESUDTOULOUSE,20260518,AT,3,,24,10,0.116927,1115,909,af089a088b4099961b1dbbad8172df9a,1.28.0,2026-07-31
SAUDRUNESUDTOULOUSE_20260518_0136,SAUDRUNESUDTOULOUSE_20260518_0136,1,SAUDRUNESUDTOULOUSE_20260518_0136.jpg,Squalius cephalus,SQUCEP,high,terrain,SAUDRUNESUDTOULOUSE,20260518,AT,3,,24,10,0.111847,2843,1269,35cdfdcebd104992141c77a8b17cbcbf,1.28.0,2026-07-31
SAUDRUNESUDTOULOUSE_20260518_0137,SAUDRUNESUDTOULOUSE_20260518_0137,1,SAUDRUNESUDTOULOUSE_20260518_0137.jpg,Squalius cephalus,SQUCEP,high,terrain,SAUDRUNESUDTOULOUSE,20260518,AT,3,,24,10,0.112039,1123,1174,b40f27c0a18291383a42d3e648305ada,1.28.0,2026-07-31
SAUDRUNESUDTOULOUSE_20260518_0138,SAUDRUNESUDTOULOUSE_20260518_0138,1,SAUDRUNESUDTOULOUSE_20260518_0138.jpg,Squalius cephalus,SQUCEP,high,terrain,SAUDRUNESUDTOULOUSE,20260518,AT,3,,24,10,0.113087,1522,1210,4aec91744486c6ad247847fcf315b971,1.28.0,2026-07-31
SAUDRUNESUDTOULOUSE_20260518_0139_i1,SAUDRUNESUDTOULOUSE_20260518_0139,1,SAUDRUNESUDTOULOUSE_20260518_0139.jpg,Gobio gobio,GOBGOB,,AT,SAUDRUNESUDTOULOUSE,20260518,AT,3,,24,10,0.104542,2566,1910,579af76b8b92ec89860f5fd2885e7e37,1.28.0,2026-07-31
SAUDRUNESUDTOULOUSE_20260518_0139_i2,SAUDRUNESUDTOULOUSE_20260518_0139,2,SAUDRUNESUDTOULOUSE_20260518_0139.jpg,Gobio gobio,GOBGOB,,AT,SAUDRUNESUDTOULOUSE,20260518,AT,3,,24,10,0.104542,2566,1910,579af76b8b92ec89860f5fd2885e7e37,1.28.0,2026-07-31
SAUDRUNESUDTOULOUSE_20260518_0139_i3,SAUDRUNESUDTOULOUSE_20260518_0139,3,SAUDRUNESUDTOULOUSE_20260518_0139.jpg,Gobio gobio,GOBGOB,,AT,SAUDRUNESUDTOULOUSE,20260518,AT,3,,24,10,0.104542,2566,1910,579af76b8b92ec89860f5fd2885e7e37,1.28.0,2026-07-31
SAUDRUNESUDTOULOUSE_20260518_0139_i4,SAUDRUNESUDTOULOUSE_20260518_0139,4,SAUDRUNESUDTOULOUSE_20260518_0139.jpg,Gobio gobio,GOBGOB,,AT,SAUDRUNESUDTOULOUSE,20260518,AT,3,,24,10,0.104542,2566,1910,579af76b8b92ec89860f5fd2885e7e37,1.28.0,2026-07-31
SAUDRUNESUDTOULOUSE_20260518_0140_i1,SAUDRUNESUDTOULOUSE_20260518_0140,1,SAUDRUNESUDTOULOUSE_20260518_0140.jpg,Gobio gobio,GOBGOB,,AT,SAUDRUNESUDTOULOUSE,20260518,AT,3,,24,10,0.102644,2218,2127,d59a6b8c027dd03c5ec4630e08476ce1,1.28.0,2026-07-31
SAUDRUNESUDTOULOUSE_20260518_0140_i2,SAUDRUNESUDTOULOUSE_20260518_0140,2,SAUDRUNESUDTOULOUSE_20260518_0140.jpg,Gobio gobio,GOBGOB,,AT,SAUDRUNESUDTOULOUSE,20260518,AT,3,,24,10,0.102644,2218,2127,d59a6b8c027dd03c5ec4630e08476ce1,1.28.0,2026-07-31
SAUDRUNESUDTOULOUSE_20260518_0140_i3,SAUDRUNESUDTOULOUSE_20260518_0140,3,SAUDRUNESUDTOULOUSE_20260518_0140.jpg,Gobio gobio,GOBGOB,,AT,SAUDRUNESUDTOULOUSE,20260518,AT,3,,24,10,0.102644,2218,2127,d59a6b8c027dd03c5ec4630e08476ce1,1.28.0,2026-07-31
SAUDRUNESUDTOULOUSE_20260518_0140_i4,SAUDRUNESUDTOULOUSE_20260518_0140,4,SAUDRUNESUDTOULOUSE_20260518_0140.jpg,Gobio gobio,GOBGOB,,AT,SAUDRUNESUDTOULOUSE,20260518,AT,3,,24,10,0.102644,2218,2127,d59a6b8c027dd03c5ec4630e08476ce1,1.28.0,2026-07-31
SAUDRUNESUDTOULOUSE_20260518_0140_i5,SAUDRUNESUDTOULOUSE_20260518_0140,5,SAUDRUNESUDTOULOUSE_20260518_0140.jpg,Gobio gobio,GOBGOB,,AT,SAUDRUNESUDTOULOUSE,20260518,AT,3,,24,10,0.102644,2218,2127,d59a6b8c027dd03c5ec4630e08476ce1,1.28.0,2026-07-31
SAUDRUNESUDTOULOUSE_20260518_0140_i6,SAUDRUNESUDTOULOUSE_20260518_0140,6,SAUDRUNESUDTOULOUSE_20260518_0140.jpg,Gobio gobio,GOBGOB,,AT,SAUDRUNESUDTOULOUSE,20260518,AT,3,,24,10,0.102644,2218,2127,d59a6b8c027dd03c5ec4630e08476ce1,1.28.0,2026-07-31
SAUDRUNESUDTOULOUSE_20260518_0141_i1,SAUDRUNESUDTOULOUSE_20260518_0141,1,SAUDRUNESUDTOULOUSE_20260518_0141.jpg,Gobio gobio,GOBGOB,,AT,SAUDRUNESUDTOULOUSE,20260518,AT,3,,24,10,0.097784,2349,1878,04fdc4d86d9a0d7aec4101017f9603b8,1.28.0,2026-07-31
SAUDRUNESUDTOULOUSE_20260518_0141_i2,SAUDRUNESUDTOULOUSE_20260518_0141,2,SAUDRUNESUDTOULOUSE_20260518_0141.jpg,Gobio gobio,GOBGOB,,AT,SAUDRUNESUDTOULOUSE,20260518,AT,3,,24,10,0.097784,2349,1878,04fdc4d86d9a0d7aec4101017f9603b8,1.28.0,2026-07-31
SAUDRUNESUDTOULOUSE_20260518_0141_i3,SAUDRUNESUDTOULOUSE_20260518_0141,3,SAUDRUNESUDTOULOUSE_20260518_0141.jpg,Gobio gobio,GOBGOB,,AT,SAUDRUNESUDTOULOUSE,20260518,AT,3,,24,10,0.097784,2349,1878,04fdc4d86d9a0d7aec4101017f9603b8,1.28.0,2026-07-31
SAUDRUNESUDTOULOUSE_20260518_0141_i4,SAUDRUNESUDTOULOUSE_20260518_0141,4,SAUDRUNESUDTOULOUSE_20260518_0141.jpg,Gobio gobio,GOBGOB,,AT,SAUDRUNESUDTOULOUSE,20260518,AT,3,,24,10,0.097784,2349,1878,04fdc4d86d9a0d7aec4101017f9603b8,1.28.0,2026-07-31
SAUDRUNESUDTOULOUSE_20260518_0142_i1,SAUDRUNESUDTOULOUSE_20260518_0142,1,SAUDRUNESUDTOULOUSE_20260518_0142.jpg,Gobio gobio,GOBGOB,,AT,SAUDRUNESUDTOULOUSE,20260518,AT,3,,24,10,0.100666,2281,1783,cb75824bdc495365f11e338e70cb8050,1.28.0,2026-07-31
SAUDRUNESUDTOULOUSE_20260518_0142_i2,SAUDRUNESUDTOULOUSE_20260518_0142,2,SAUDRUNESUDTOULOUSE_20260518_0142.jpg,Gobio gobio,GOBGOB,,AT,SAUDRUNESUDTOULOUSE,20260518,AT,3,,24,10,0.100666,2281,1783,cb75824bdc495365f11e338e70cb8050,1.28.0,2026-07-31
SAUDRUNESUDTOULOUSE_20260518_0142_i3,SAUDRUNESUDTOULOUSE_20260518_0142,3,SAUDRUNESUDTOULOUSE_20260518_0142.jpg,Gobio gobio,GOBGOB,,AT,SAUDRUNESUDTOULOUSE,20260518,AT,3,,24,10,0.100666,2281,1783,cb75824bdc495365f11e338e70cb8050,1.28.0,2026-07-31
SAUDRUNESUDTOULOUSE_20260518_0142_i4,SAUDRUNESUDTOULOUSE_20260518_0142,4,SAUDRUNESUDTOULOUSE_20260518_0142.jpg,Gobio gobio,GOBGOB,,AT,SAUDRUNESUDTOULOUSE,20260518,AT,3,,23,10,,2281,1783,cb75824bdc495365f11e338e70cb8050,1.28.0,2026-07-31
SAUDRUNESUDTOULOUSE_20260518_0143_i1,SAUDRUNESUDTOULOUSE_20260518_0143,1,SAUDRUNESUDTOULOUSE_20260518_0143.jpg,Gobio gobio,GOBGOB,,AT,SAUDRUNESUDTOULOUSE,20260518,AT,3,,24,10,0.101568,2443,1862,7d0322e056104829239657dadcae4e84,1.28.0,2026-07-31
SAUDRUNESUDTOULOUSE_20260518_0143_i2,SAUDRUNESUDTOULOUSE_20260518_0143,2,SAUDRUNESUDTOULOUSE_20260518_0143.jpg,Gobio gobio,GOBGOB,,AT,SAUDRUNESUDTOULOUSE,20260518,AT,3,,24,10,0.101568,2443,1862,7d0322e056104829239657dadcae4e84,1.28.0,2026-07-31
SAUDRUNESUDTOULOUSE_20260518_0143_i3,SAUDRUNESUDTOULOUSE_20260518_0143,3,SAUDRUNESUDTOULOUSE_20260518_0143.jpg,Gobio gobio,GOBGOB,,AT,SAUDRUNESUDTOULOUSE,20260518,AT,3,,24,10,0.101568,2443,1862,7d0322e056104829239657dadcae4e84,1.28.0,2026-07-31
SAUDRUNESUDTOULOUSE_20260518_0143_i4,SAUDRUNESUDTOULOUSE_20260518_0143,4,SAUDRUNESUDTOULOUSE_20260518_0143.jpg,Gobio gobio,GOBGOB,,AT,SAUDRUNESUDTOULOUSE,20260518,AT,3,,24,10,0.101568,2443,1862,7d0322e056104829239657dadcae4e84,1.28.0,2026-07-31
SAUDRUNESUDTOULOUSE_20260518_0144,SAUDRUNESUDTOULOUSE_20260518_0144,1,SAUDRUNESUDTOULOUSE_20260518_0144.jpg,Gobio gobio,GOBGOB,,AT,SAUDRUNESUDTOULOUSE,20260518,AT,3,,24,10,0.221539,739,696,9e4f6c8dfd67284d5af3d460f5aa603c,1.28.0,2026-07-31
SAUDRUNESUDTOULOUSE_20260518_0145,SAUDRUNESUDTOULOUSE_20260518_0145,1,SAUDRUNESUDTOULOUSE_20260518_0145.jpg,Gobio gobio,GOBGOB,,AT,SAUDRUNESUDTOULOUSE,20260518,AT,3,,24,10,0.123518,1415,1111,08a3d0e3499c6129dc668a03c1a59a85,1.28.0,2026-07-31
SAUDRUNESUDTOULOUSE_20260518_0146,SAUDRUNESUDTOULOUSE_20260518_0146,1,SAUDRUNESUDTOULOUSE_20260518_0146.jpg,Gobio gobio,GOBGOB,,AT,SAUDRUNESUDTOULOUSE,20260518,AT,3,,24,10,0.12135,1166,775,a3754898a608b22807e10cf2091c49d6,1.28.0,2026-07-31
SAUDRUNESUDTOULOUSE_20260518_0147,SAUDRUNESUDTOULOUSE_20260518_0147,1,SAUDRUNESUDTOULOUSE_20260518_0147.jpg,Gobio gobio,GOBGOB,,AT,SAUDRUNESUDTOULOUSE,20260518,AT,3,no,24,10,0.079127591,1459,1119,6ea3e8145b8c0492e54621fb7701e3a6,1.32.1,2026-08-04
SAUDRUNESUDTOULOUSE_20260518_0148,SAUDRUNESUDTOULOUSE_20260518_0148,1,SAUDRUNESUDTOULOUSE_20260518_0148.jpg,Gobio gobio,GOBGOB,,AT,SAUDRUNESUDTOULOUSE,20260518,AT,3,,24,10,0.077507,1601,1115,50dc6eb0f029b352fe74ae91e986524f,1.28.0,2026-07-31
SAUDRUNESUDTOULOUSE_20260518_0149,SAUDRUNESUDTOULOUSE_20260518_0149,1,SAUDRUNESUDTOULOUSE_20260518_0149.jpg,Gobio gobio,GOBGOB,,AT,SAUDRUNESUDTOULOUSE,20260518,AT,3,,24,10,0.077758,1214,1068,9a9fb2b055064e50190782bb6f2bbd24,1.28.0,2026-07-31
SAUDRUNESUDTOULOUSE_20260518_0150,SAUDRUNESUDTOULOUSE_20260518_0150,1,SAUDRUNESUDTOULOUSE_20260518_0150.jpg,Gobio gobio,GOBGOB,,AT,SAUDRUNESUDTOULOUSE,20260518,AT,3,,24,10,0.078935,1728,1131,9afced7bd103b5e05d840e004b2df0e6,1.28.0,2026-07-31
SAUDRUNESUDTOULOUSE_20260518_0151,SAUDRUNESUDTOULOUSE_20260518_0151,1,SAUDRUNESUDTOULOUSE_20260518_0151.jpg,Gobio gobio,GOBGOB,,AT,SAUDRUNESUDTOULOUSE,20260518,AT,3,,24,10,1.15288,1064,842,9c9c76f95138d320726ce0d8ffd33c01,1.28.0,2026-07-31
SAUDRUNESUDTOULOUSE_20260518_0152_i1,SAUDRUNESUDTOULOUSE_20260518_0152,1,SAUDRUNESUDTOULOUSE_20260518_0152.jpg,Gobio gobio,GOBGOB,,AT,SAUDRUNESUDTOULOUSE,20260518,AT,3,,24,10,0.079641,1582,1416,973524d47b8c4ae68d7675252be2ba5b,1.28.0,2026-07-31
SAUDRUNESUDTOULOUSE_20260518_0152_i2,SAUDRUNESUDTOULOUSE_20260518_0152,2,SAUDRUNESUDTOULOUSE_20260518_0152.jpg,Gobio gobio,GOBGOB,,AT,SAUDRUNESUDTOULOUSE,20260518,AT,3,,24,10,0.079641,1582,1416,973524d47b8c4ae68d7675252be2ba5b,1.28.0,2026-07-31
SAUDRUNESUDTOULOUSE_20260518_0153_i1,SAUDRUNESUDTOULOUSE_20260518_0153,1,SAUDRUNESUDTOULOUSE_20260518_0153.jpg,Gobio gobio,GOBGOB,,AT,SAUDRUNESUDTOULOUSE,20260518,AT,3,,24,10,0.078113,1839,1570,c50771108aa9c5d1bdd9be9417ef4621,1.28.0,2026-07-31
SAUDRUNESUDTOULOUSE_20260518_0153_i2,SAUDRUNESUDTOULOUSE_20260518_0153,2,SAUDRUNESUDTOULOUSE_20260518_0153.jpg,Gobio gobio,GOBGOB,,AT,SAUDRUNESUDTOULOUSE,20260518,AT,3,,24,10,0.078113,1839,1570,c50771108aa9c5d1bdd9be9417ef4621,1.28.0,2026-07-31
SAUDRUNESUDTOULOUSE_20260518_0154_i1,SAUDRUNESUDTOULOUSE_20260518_0154,1,SAUDRUNESUDTOULOUSE_20260518_0154.jpg,Gobio gobio,GOBGOB,,AT,SAUDRUNESUDTOULOUSE,20260518,AT,3,,24,10,0.079359,1332,1629,16a57e467380164662bedddd4e0b90c1,1.28.0,2026-07-31
SAUDRUNESUDTOULOUSE_20260518_0154_i2,SAUDRUNESUDTOULOUSE_20260518_0154,2,SAUDRUNESUDTOULOUSE_20260518_0154.jpg,Gobio gobio,GOBGOB,,AT,SAUDRUNESUDTOULOUSE,20260518,AT,3,,24,10,0.079359,1332,1629,16a57e467380164662bedddd4e0b90c1,1.28.0,2026-07-31
SAUDRUNESUDTOULOUSE_20260518_0155_i1,SAUDRUNESUDTOULOUSE_20260518_0155,1,SAUDRUNESUDTOULOUSE_20260518_0155.jpg,Gobio gobio,GOBGOB,,AT,SAUDRUNESUDTOULOUSE,20260518,AT,3,,24,10,0.080057,1526,1534,72b58c0698f69ba9c403ec7bcf34cf7e,1.28.0,2026-07-31
SAUDRUNESUDTOULOUSE_20260518_0155_i2,SAUDRUNESUDTOULOUSE_20260518_0155,2,SAUDRUNESUDTOULOUSE_20260518_0155.jpg,Gobio gobio,GOBGOB,,AT,SAUDRUNESUDTOULOUSE,20260518,AT,3,,24,10,0.080057,1526,1534,72b58c0698f69ba9c403ec7bcf34cf7e,1.28.0,2026-07-31
SAUDRUNESUDTOULOUSE_20260518_0156,SAUDRUNESUDTOULOUSE_20260518_0156,1,SAUDRUNESUDTOULOUSE_20260518_0156.jpg,Gobio gobio,GOBGOB,,AT,SAUDRUNESUDTOULOUSE,20260518,AT,3,,24,10,0.079433,1463,1396,7314b896388ecc7990d72ee77a8a12b5,1.28.0,2026-07-31
SAUDRUNESUDTOULOUSE_20260518_0157_i1,SAUDRUNESUDTOULOUSE_20260518_0157,1,SAUDRUNESUDTOULOUSE_20260518_0157.jpg,Gobio gobio,GOBGOB,,AT,SAUDRUNESUDTOULOUSE,20260518,AT,3,,24,10,0.078695,1135,1530,e7ccde05c0a114f195477d5c081f04a3,1.28.0,2026-07-31
SAUDRUNESUDTOULOUSE_20260518_0157_i2,SAUDRUNESUDTOULOUSE_20260518_0157,2,SAUDRUNESUDTOULOUSE_20260518_0157.jpg,Gobio gobio,GOBGOB,,AT,SAUDRUNESUDTOULOUSE,20260518,AT,3,,24,10,0.078695,1135,1530,e7ccde05c0a114f195477d5c081f04a3,1.28.0,2026-07-31
SAUDRUNESUDTOULOUSE_20260518_0158_i1,SAUDRUNESUDTOULOUSE_20260518_0158,1,SAUDRUNESUDTOULOUSE_20260518_0158.jpg,Gobio gobio,GOBGOB,,AT,SAUDRUNESUDTOULOUSE,20260518,AT,3,,24,10,0.081743,1174,1459,26f6c5c48a0e5aeffb8779d356868674,1.28.0,2026-07-31
SAUDRUNESUDTOULOUSE_20260518_0158_i2,SAUDRUNESUDTOULOUSE_20260518_0158,2,SAUDRUNESUDTOULOUSE_20260518_0158.jpg,Gobio gobio,GOBGOB,,AT,SAUDRUNESUDTOULOUSE,20260518,AT,3,,24,10,0.081743,1174,1459,26f6c5c48a0e5aeffb8779d356868674,1.28.0,2026-07-31
SAUDRUNESUDTOULOUSE_20260518_0159_i1,SAUDRUNESUDTOULOUSE_20260518_0159,1,SAUDRUNESUDTOULOUSE_20260518_0159.jpg,Gobio gobio,GOBGOB,,AT,SAUDRUNESUDTOULOUSE,20260518,AT,3,,24,10,0.08304,1890,1993,d407f3033ece89a6af99639961c141e2,1.28.0,2026-07-31
SAUDRUNESUDTOULOUSE_20260518_0159_i2,SAUDRUNESUDTOULOUSE_20260518_0159,2,SAUDRUNESUDTOULOUSE_20260518_0159.jpg,Gobio gobio,GOBGOB,,AT,SAUDRUNESUDTOULOUSE,20260518,AT,3,,24,10,0.08304,1890,1993,d407f3033ece89a6af99639961c141e2,1.28.0,2026-07-31
SAUDRUNESUDTOULOUSE_20260518_0160_i1,SAUDRUNESUDTOULOUSE_20260518_0160,1,SAUDRUNESUDTOULOUSE_20260518_0160.jpg,Gobio gobio,GOBGOB,,AT,SAUDRUNESUDTOULOUSE,20260518,AT,3,,24,10,0.084946,1791,1791,87cf531cc321b5965fc125b97978c45e,1.28.0,2026-07-31
SAUDRUNESUDTOULOUSE_20260518_0160_i2,SAUDRUNESUDTOULOUSE_20260518_0160,2,SAUDRUNESUDTOULOUSE_20260518_0160.jpg,Gobio gobio,GOBGOB,,AT,SAUDRUNESUDTOULOUSE,20260518,AT,3,,24,10,0.084946,1791,1791,87cf531cc321b5965fc125b97978c45e,1.28.0,2026-07-31
SAUDRUNESUDTOULOUSE_20260518_0161_i1,SAUDRUNESUDTOULOUSE_20260518_0161,1,SAUDRUNESUDTOULOUSE_20260518_0161.jpg,Gobio gobio,GOBGOB,,AT,SAUDRUNESUDTOULOUSE,20260518,AT,3,,24,10,0.078005,1696,1831,ba894971d919eff9edd8a76139b238d2,1.28.0,2026-07-31
SAUDRUNESUDTOULOUSE_20260518_0161_i2,SAUDRUNESUDTOULOUSE_20260518_0161,2,SAUDRUNESUDTOULOUSE_20260518_0161.jpg,Gobio gobio,GOBGOB,,AT,SAUDRUNESUDTOULOUSE,20260518,AT,3,,24,10,0.078005,1696,1831,ba894971d919eff9edd8a76139b238d2,1.28.0,2026-07-31
SAUDRUNESUDTOULOUSE_20260518_0162_i1,SAUDRUNESUDTOULOUSE_20260518_0162,1,SAUDRUNESUDTOULOUSE_20260518_0162.jpg,Gobio gobio,GOBGOB,,AT,SAUDRUNESUDTOULOUSE,20260518,AT,3,,24,10,0.080352,1767,1613,0afa3eac558fcd6132d9bc920d7b667e,1.28.0,2026-07-31
SAUDRUNESUDTOULOUSE_20260518_0162_i2,SAUDRUNESUDTOULOUSE_20260518_0162,2,SAUDRUNESUDTOULOUSE_20260518_0162.jpg,Gobio gobio,GOBGOB,,AT,SAUDRUNESUDTOULOUSE,20260518,AT,3,,24,10,0.080352,1767,1613,0afa3eac558fcd6132d9bc920d7b667e,1.28.0,2026-07-31
SAUDRUNESUDTOULOUSE_20260518_0163_i1,SAUDRUNESUDTOULOUSE_20260518_0163,1,SAUDRUNESUDTOULOUSE_20260518_0163.jpg,Gobio gobio,GOBGOB,,AT,SAUDRUNESUDTOULOUSE,20260518,AT,3,,24,10,0.075969,1949,2092,9fc481f74e340a1da7be9c91fab9e731,1.28.0,2026-07-31
SAUDRUNESUDTOULOUSE_20260518_0163_i2,SAUDRUNESUDTOULOUSE_20260518_0163,2,SAUDRUNESUDTOULOUSE_20260518_0163.jpg,Gobio gobio,GOBGOB,,AT,SAUDRUNESUDTOULOUSE,20260518,AT,3,,24,10,0.075969,1949,2092,9fc481f74e340a1da7be9c91fab9e731,1.28.0,2026-07-31
SAUDRUNESUDTOULOUSE_20260518_0164,SAUDRUNESUDTOULOUSE_20260518_0164,1,SAUDRUNESUDTOULOUSE_20260518_0164.jpg,Gobio gobio,GOBGOB,,AT,SAUDRUNESUDTOULOUSE,20260518,AT,3,,24,10,0.07772,1704,1451,70323b40bd04df945c5858aa5fb48f5d,1.28.0,2026-07-31
